Rk;Player;Pos;Age;Tm;G;GS;MP;FG;FGA;FG%;3P;3PA;3P%;2P;2PA;2P%;eFG%;FT;FTA;FT%;ORB;DRB;TRB;AST;STL;BLK;TOV;PF;PTS
1;Precious Achiuwa;C-PF;24;TOT;43;4;18.9;2.9;6.3;0.467;0.3;1.5;0.238;2.6;4.8;0.536;0.494;0.8;1.3;0.611;2.3;3.4;5.7;1.3;0.6;0.7;1;1.7;7
1;Precious Achiuwa;C;24;TOR;25;0;17.5;3.1;6.8;0.459;0.5;1.9;0.277;2.6;4.9;0.528;0.497;1;1.7;0.571;2;3.4;5.4;1.8;0.6;0.5;1.2;1.6;7.7
1;Precious Achiuwa;PF;24;NYK;18;4;20.9;2.7;5.6;0.48;0.1;0.9;0.125;2.6;4.7;0.548;0.49;0.5;0.7;0.75;2.6;3.4;6.1;0.6;0.4;0.9;0.7;1.9;5.9
2;Bam Adebayo;C;26;MIA;39;39;34.8;7.6;15.2;0.503;0;0.3;0.091;7.6;14.9;0.51;0.503;5.2;6.7;0.776;2.2;8.4;10.6;4.1;1;1;2.5;2.5;20.5
3;Ochai Agbaji;SG;23;UTA;50;10;19.9;2.1;4.9;0.425;0.9;2.8;0.329;1.2;2.1;0.551;0.518;0.3;0.4;0.75;0.7;1.8;2.5;0.9;0.5;0.6;0.7;1.3;5.4
4;Santi Aldama;PF;23;MEM;38;12;24.1;4;9.2;0.431;1.7;4.8;0.348;2.3;4.4;0.521;0.521;0.9;1.5;0.625;1.2;4.5;5.7;1.9;0.7;0.7;1.1;1.5;10.5
5;Nickeil Alexander-Walker;SG;25;MIN;49;16;23.1;2.5;5.8;0.426;1.4;3.9;0.365;1.1;1.9;0.547;0.548;0.5;0.7;0.743;0.4;1.4;1.8;2.6;0.9;0.5;0.9;1.9;6.9
6;Grayson Allen;SG;28;PHO;43;43;33;4.5;8.6;0.519;2.6;5.3;0.496;1.8;3.3;0.556;0.672;1.7;1.9;0.888;0.7;3.4;4.1;2.9;0.9;0.6;1.4;2.2;13.2
7;Jarrett Allen;C;25;CLE;42;42;30.3;6.4;9.9;0.646;0;0;0;6.4;9.9;0.647;0.646;2.7;3.6;0.75;3.6;7;10.7;2.8;0.9;1.1;1.8;2.3;15.5
8;Jose Alvarado;PG;25;NOP;31;0;16.1;2.4;5.8;0.413;1.3;3.4;0.39;1.1;2.4;0.446;0.528;0.7;1.1;0.657;0.4;1.7;2.1;1.8;1;0.3;0.7;1.5;6.8
9;Kyle Anderson;PF;30;MIN;49;2;22;2.4;5.2;0.463;0.1;0.6;0.2;2.3;4.6;0.498;0.475;1.3;1.9;0.674;0.7;2.8;3.5;3.9;0.8;0.6;1.3;1.5;6.2
10;Giannis Antetokounmpo;PF;29;MIL;47;47;35.3;11.7;19.1;0.611;0.5;1.8;0.262;11.2;17.4;0.647;0.623;7.4;11.2;0.66;2.6;8.9;11.5;6.2;1.4;1.1;3.6;3;31.3
11;Thanasis Antetokounmpo;PF;31;MIL;19;0;4.1;0.4;0.7;0.5;0;0;0;0.4;0.7;0.5;0.5;0;0;0;0.2;0.2;0.4;0.5;0.1;0.2;0.5;0.7;0.7
12;Cole Anthony;PG;23;ORL;48;0;23.5;4.2;9.7;0.428;1.1;3.4;0.323;3.1;6.3;0.485;0.485;2.9;3.5;0.844;0.9;3.1;4.1;3.3;0.8;0.4;1.8;2.5;12.4
13;OG Anunoby;SF;26;TOT;41;41;34.1;5.8;11.7;0.498;2.1;5.5;0.379;3.7;6.1;0.606;0.588;1.6;2;0.774;1;3.2;4.2;2.3;1.3;0.7;1.5;2.3;15.3
13;OG Anunoby;SF;26;TOR;27;27;33.3;5.8;11.9;0.489;2.3;6;0.374;3.6;5.9;0.608;0.584;1.2;1.7;0.717;0.9;3;3.9;2.7;1;0.5;1.6;2.3;15.1
13;OG Anunoby;SF;26;NYK;14;14;35.7;5.8;11.2;0.516;1.8;4.6;0.391;4;6.6;0.602;0.596;2.3;2.7;0.842;1.1;3.6;4.6;1.5;1.8;1.1;1.4;2.4;15.6
14;Ryan Arcidiacono;PG;29;NYK;20;0;2.3;0;0.3;0;0;0.3;0;0;0;0;0;0;0;0;0;0.4;0.4;0.2;0.1;0;0.1;0.3;0
15;Deni Avdija;SF;23;WAS;48;48;27.5;4.6;9.2;0.505;1;2.6;0.382;3.6;6.6;0.552;0.558;2.2;2.9;0.757;1;5.2;6.2;3.9;0.9;0.4;1.8;2.5;12.4
16;Deandre Ayton;C;25;POR;33;33;31.7;6.2;11.2;0.55;0;0;0;6.2;11.2;0.55;0.55;1.1;1.4;0.804;3;7.2;10.2;1.5;1;0.7;1.8;2.3;13.4
17;Udoka Azubuike;C;24;PHO;12;0;8.5;1.3;1.8;0.727;0;0;0;1.3;1.8;0.727;0.727;0.3;0.9;0.273;0.9;1.7;2.6;0.3;0;0.5;0.3;1.4;2.9
18;Ibou Badji;C;21;POR;13;1;12.6;0.7;1.2;0.6;0;0;0;0.7;1.2;0.6;0.6;0.2;0.5;0.5;1.4;2;3.4;0.6;0.2;1.3;0.7;2.5;1.6
19;Marvin Bagley III;C;24;TOT;34;12;19.7;4.5;7.6;0.597;0.1;0.3;0.222;4.5;7.3;0.61;0.601;2.3;3.1;0.752;2.3;3.1;5.4;1.1;0.3;0.5;1.3;1.9;11.4
19;Marvin Bagley III;C;24;DET;26;10;18.4;4.1;7;0.591;0;0.2;0.167;4.1;6.7;0.606;0.594;1.9;2.3;0.82;1.8;2.8;4.5;1;0.2;0.5;1.1;1.5;10.2
19;Marvin Bagley III;C;24;WAS;8;2;24;5.9;9.6;0.61;0.1;0.4;0.333;5.8;9.3;0.622;0.617;3.6;5.5;0.659;4.1;4.3;8.4;1.4;0.6;0.4;2;3;15.5
20;Amari Bailey;PG;19;CHO;2;0;5.5;1;3;0.333;0;1;0;1;2;0.5;0.333;0.5;1;0.5;1;0;1;0;0;0;0.5;0;2.5
21;Patrick Baldwin Jr.;SF;21;WAS;16;0;7.3;0.9;2.3;0.405;0.6;1.3;0.476;0.3;1;0.313;0.541;0.4;0.6;0.7;0.4;1.8;2.2;0.4;0.1;0.2;0.4;1.3;2.9
22;LaMelo Ball;PG;22;CHO;22;22;32.3;8.3;19.2;0.433;3.2;9;0.355;5.1;10.3;0.5;0.515;4.1;4.7;0.865;1.3;3.8;5.1;8;1.8;0.2;3.8;3.6;23.9
23;Mo Bamba;C;25;PHI;27;0;9.9;1.7;3.2;0.523;0.4;0.8;0.455;1.3;2.4;0.547;0.581;0.6;0.9;0.652;1.4;2.1;3.4;0.5;0.4;0.9;0.6;1.3;4.3
24;Paolo Banchero;PF;21;ORL;49;49;34.9;8.2;18.1;0.454;1.5;4.1;0.361;6.7;13.9;0.482;0.495;5.1;7.3;0.697;1.2;5.7;6.9;5;1;0.6;3.1;2.1;23
25;Desmond Bane;SG;25;MEM;37;37;34.5;8.9;18.8;0.474;3.3;8.6;0.384;5.6;10.2;0.551;0.563;3.3;3.8;0.864;0.9;3.6;4.6;5.3;1;0.5;2.7;2.9;24.4
26;Dalano Banton;PG;24;BOS;23;1;7.1;0.8;2;0.404;0.1;0.6;0.143;0.7;1.4;0.515;0.426;0.7;0.9;0.8;0.5;1;1.5;0.7;0.2;0.1;0.4;0.9;2.4
27;Dominick Barlow;PF;20;SAS;22;1;13.4;1.8;3.6;0.494;0.1;0.3;0.429;1.6;3.3;0.5;0.513;0.8;1.3;0.607;1.2;2.2;3.4;1.2;0.4;0.5;0.2;1.5;4.5
28;Harrison Barnes;PF;31;SAC;48;48;30.1;4.1;8.7;0.477;1.9;4.8;0.396;2.3;3.9;0.578;0.586;1.9;2.3;0.809;0.9;2.1;2.9;1.3;0.7;0.2;0.8;1.3;12
29;Scottie Barnes;SG;22;TOR;48;48;35.2;7.6;15.8;0.479;1.9;5.2;0.36;5.7;10.6;0.537;0.538;3.3;4.3;0.771;2.3;5.9;8.1;5.7;1.3;1.5;2.7;2;20.3
30;RJ Barrett;SG;23;TOT;39;39;30.8;6.9;14.8;0.465;1.6;4.6;0.339;5.3;10.2;0.521;0.517;3.8;5;0.763;0.8;4.4;5.2;2.8;0.5;0.4;1.8;2.1;19.2
30;RJ Barrett;SG;23;NYK;26;26;29.5;6.3;14.9;0.423;1.7;5;0.331;4.7;9.9;0.469;0.478;4;4.8;0.831;0.7;3.5;4.3;2.4;0.5;0.3;1.8;1.7;18.2
30;RJ Barrett;SG;23;TOR;13;13;33.6;8.1;14.7;0.55;1.4;3.8;0.36;6.7;10.8;0.617;0.597;3.5;5.4;0.643;1.1;6;7.1;3.5;0.6;0.4;1.8;2.9;21
31;Charles Bassey;C;23;SAS;19;0;10.8;1.5;2.1;0.725;0;0.1;0;1.5;2.1;0.744;0.725;0.3;0.3;0.833;1.2;2.8;4;1.1;0.4;0.9;0.8;1.6;3.3
32;Emoni Bates;SF;20;CLE;10;0;7.6;0.6;2.5;0.24;0.5;2;0.25;0.1;0.5;0.2;0.34;0.1;0.2;0.5;0.1;0.9;1;0.6;0.1;0.2;0.1;0.5;1.8
33;Keita Bates-Diop;SF;28;PHO;38;8;15.5;1.7;3.9;0.423;0.5;1.7;0.313;1.1;2.2;0.506;0.49;0.7;0.9;0.722;0.8;1.8;2.6;0.9;0.6;0.5;0.3;0.9;4.5
34;Nicolas Batum;PF;35;TOT;34;27;24.9;2.1;4;0.519;1.3;2.9;0.454;0.8;1.1;0.684;0.681;0.3;0.4;0.643;1.2;2.6;3.9;2.3;0.7;0.7;0.6;2;5.7
34;Nicolas Batum;PF;35;LAC;3;0;18;1;2.7;0.375;0.7;2.3;0.286;0.3;0.3;1;0.5;0;0;0;0;2.3;2.3;1.7;1;1.3;0.3;1.7;2.7
34;Nicolas Batum;PF;35;PHI;31;27;25.5;2.2;4.1;0.528;1.4;2.9;0.467;0.8;1.2;0.676;0.693;0.3;0.5;0.643;1.4;2.6;4;2.4;0.6;0.7;0.6;2;6
35;Bradley Beal;SG;30;PHO;25;25;33.4;6.7;14;0.48;1.4;4.3;0.324;5.3;9.7;0.55;0.53;2.3;3;0.76;0.8;3.5;4.3;4.6;0.8;0.3;2.4;2.7;17.1
36;Malik Beasley;SG;27;MIL;47;47;29.4;4;8.5;0.471;2.7;6.1;0.446;1.3;2.4;0.536;0.632;0.3;0.4;0.65;0.6;3.4;4;1.3;0.7;0.1;0.7;2.1;11.1
37;MarJon Beauchamp;SF;23;MIL;35;1;15.4;1.9;3.9;0.486;0.7;1.8;0.403;1.2;2.2;0.553;0.576;0.3;0.6;0.6;0.6;1.8;2.4;0.8;0.3;0.2;0.7;1.3;4.9
38;Jules Bernard;SG;24;WAS;5;0;4.2;0.4;2;0.2;0;1.4;0;0.4;0.6;0.667;0.2;0;0;0;0.4;0.4;0.8;0.4;0;0;0.2;0.8;0.8
39;D?vis Bert?ns;PF;31;OKC;15;0;6.1;0.7;1.7;0.385;0.7;1.6;0.417;0;0.1;0;0.577;0.9;1;0.933;0.1;0.5;0.7;0.6;0.2;0.2;0.1;0.7;2.9
40;Patrick Beverley;PG;35;PHI;45;5;19.4;2.1;5;0.427;0.7;2.3;0.317;1.4;2.7;0.521;0.5;1.1;1.4;0.803;0.6;2.5;3.1;3;0.5;0.4;1;1.8;6.1
41;Saddiq Bey;SF;24;ATL;48;36;32.3;4.4;10.6;0.413;1.7;5.6;0.303;2.7;5.1;0.533;0.492;2.5;3;0.814;2.6;3.9;6.5;1.5;0.9;0.1;0.9;1.6;12.9
42;Goga Bitadze;C;24;ORL;41;31;19.7;2.7;4.4;0.615;0;0.2;0.2;2.6;4.1;0.639;0.62;1.1;1.7;0.676;2.3;3.7;6.1;1.6;0.7;1.5;0.8;2.2;6.5
43;Onuralp Bitim;SG;24;CHI;1;0;3;0;0;0;0;0;0;0;0;0;0;0;0;0;0;0;0;0;0;0;0;0;0
44;Bismack Biyombo;C;31;MEM;30;27;23.9;2.2;4;0.563;0;0;0;2.2;4;0.563;0.563;0.7;1.5;0.478;1.9;4.5;6.4;1.7;0.3;1.1;1.3;2.7;5.2
45;Anthony Black;PG;20;ORL;45;29;19.4;1.9;3.9;0.497;0.5;1.4;0.381;1.4;2.5;0.563;0.566;0.9;1.4;0.656;0.5;1.8;2.3;1.7;0.6;0.4;0.9;2;5.3
46;Leaky Black;SF;24;CHO;18;0;7.2;0.8;1.6;0.5;0.4;0.7;0.583;0.4;0.9;0.438;0.625;0.3;0.6;0.6;0.3;0.9;1.2;0.5;0.2;0.2;0.1;0.7;2.3
47;Bogdan Bogdanovi?;SG;31;ATL;47;6;28.8;6.1;14.1;0.432;3.1;8.4;0.37;3;5.6;0.525;0.543;1.9;2.1;0.907;0.5;2.6;3.1;2.7;1.3;0.2;1.2;2.4;17.2
48;Bojan Bogdanovi?;PF;34;DET;27;26;32.9;7.3;15.3;0.475;3.1;7.4;0.425;4.1;7.9;0.521;0.577;2.9;3.7;0.77;0.5;2.8;3.3;2.6;0.9;0.1;2.3;2.1;20.5
49;Bol Bol;PF;24;PHO;12;0;7.2;1.4;1.9;0.739;0.3;0.4;0.6;1.2;1.5;0.778;0.804;0.3;0.4;0.8;0.8;1.5;2.3;0.5;0.3;0.5;0.5;0.8;3.4
50;Marques Bolden;C;25;MIL;2;0;1.5;0;0;0;0;0;0;0;0;0;0;0;0;0;0;1;1;0;0;0;0;0.5;0
51;Devin Booker;PG;27;PHO;40;40;36.3;9.9;19.7;0.502;2.3;6;0.388;7.6;13.7;0.552;0.561;6.1;6.9;0.877;0.7;4.2;4.9;7.2;0.9;0.4;2.7;3;28.2
52;Brandon Boston Jr.;SF;22;LAC;13;0;7.8;1.5;3.8;0.408;0.5;1.3;0.353;1.1;2.5;0.438;0.469;0.5;0.6;0.875;0.5;0.5;1.1;0.4;0.2;0.2;0.3;1.1;4.1
53;Chris Boucher;PF;31;TOR;44;0;14;2.1;4.4;0.477;0.6;2;0.326;1.5;2.4;0.598;0.549;1.3;1.8;0.753;1.2;2.8;4;0.4;0.3;0.4;0.5;1.4;6.1
54;James Bouknight;SG;23;CHO;13;0;6.1;1.4;3.2;0.439;1;2.3;0.433;0.4;0.8;0.455;0.598;0.1;0.2;0.5;0.1;0.6;0.7;0.5;0.1;0.1;0.2;0.2;3.8
55;Jamaree Bouyea;PG;24;POR;6;0;9.5;0.8;3.5;0.238;0;1.3;0;0.8;2.2;0.385;0.238;0;0;0;0.3;1.3;1.7;1.3;0;0;1.3;0.5;1.7
56;Malaki Branham;PG;20;SAS;45;21;20.5;3.3;7.6;0.431;0.9;3;0.301;2.4;4.6;0.517;0.491;0.6;0.6;0.929;0.3;1.7;2;2.2;0.4;0.1;1.1;1.2;8.1
57;Christian Braun;SG;22;DEN;50;0;18.6;2.6;5.7;0.449;0.7;1.8;0.359;1.9;3.9;0.492;0.507;1.2;1.6;0.732;0.8;2.8;3.5;1.4;0.4;0.4;0.7;1.5;7
58;Mikal Bridges;SF;27;BRK;48;48;35.1;7.7;16.9;0.455;2.5;6.7;0.371;5.2;10.2;0.51;0.528;4.1;5;0.824;0.9;4.1;5;3.7;0.9;0.4;2.3;1.7;21.9
59;Miles Bridges;SF;25;CHO;36;34;37.1;7.9;17.3;0.455;2.4;6.6;0.359;5.5;10.8;0.514;0.523;2.6;3.1;0.864;0.8;6.6;7.4;3.1;1.1;0.6;2;1.9;20.8
60;Oshae Brissett;SF;25;BOS;31;0;11.4;1.3;2.9;0.461;0.3;1.2;0.278;1;1.7;0.585;0.517;0.9;1.3;0.675;1.1;1.9;3;0.6;0.4;0.1;0.3;1.1;3.8
61;Malcolm Brogdon;PG;31;POR;39;25;28.7;5.6;12.7;0.44;2.1;5.1;0.412;3.5;7.6;0.458;0.522;2.4;3;0.819;0.7;3.1;3.8;5.5;0.7;0.2;1.5;1.5;15.7
62;Armoni Brooks;PG;25;BRK;10;0;10.4;1.5;4.6;0.326;1.1;3.2;0.344;0.4;1.4;0.286;0.446;0.1;0.2;0.5;0.7;1.1;1.8;0.5;0.1;0.1;0.3;0.3;4.2
63;Dillon Brooks;SF;28;HOU;39;39;31.2;5;10.8;0.459;1.9;4.8;0.39;3.1;6.1;0.513;0.545;1.9;2.3;0.83;0.7;2.8;3.5;1.5;0.9;0.1;1.4;3.7;13.7
64;Bruce Brown;SG-PG;27;TOT;40;37;29.5;4.5;9.5;0.472;1;2.9;0.333;3.5;6.6;0.534;0.524;1.9;2.3;0.833;0.9;4;4.9;2.9;1.1;0.4;1.3;2.5;11.8
64;Bruce Brown;SG;27;IND;33;33;29.7;4.5;9.5;0.475;1;3.1;0.327;3.5;6.5;0.545;0.527;2;2.5;0.817;0.8;3.9;4.7;3;1.1;0.2;1.2;2.5;12.1
64;Bruce Brown;PG;27;TOR;7;4;28.6;4.3;9.3;0.462;0.9;2.3;0.375;3.4;7;0.49;0.508;1.1;1.1;1;1.6;4.6;6.1;2;1.3;1;1.4;2.9;10.6
65;Charlie Brown Jr.;SG;26;NYK;4;0;1.5;0.3;1;0.25;0.3;0.8;0.333;0;0.3;0;0.375;0;0;0;0;0;0;0;0;0.3;0.5;0.3;0.8
66;Greg Brown III;PF;22;DAL;6;0;6.7;0.8;1.8;0.455;0.2;0.5;0.333;0.7;1.3;0.5;0.5;0.7;1.5;0.444;0.5;1;1.5;0.7;0;0.7;0.7;0.8;2.5
67;Jaylen Brown;SF;27;BOS;46;46;33.2;8.6;17.5;0.491;2;5.8;0.348;6.6;11.7;0.562;0.549;3.1;4.3;0.727;1.1;4.3;5.4;3.7;1.1;0.6;2.4;2.6;22.3
68;Kendall Brown;SG;20;IND;4;0;4.5;0.5;1.3;0.4;0;0.3;0;0.5;1;0.5;0.4;1;1.5;0.667;0.5;0;0.5;0.3;0;0;0;1;2
69;Kobe Brown;PF;24;LAC;30;0;9;0.7;2;0.367;0.4;1.3;0.289;0.4;0.7;0.5;0.458;0;0.1;0.5;0.3;1.1;1.4;0.6;0.2;0.1;0.2;1.3;1.9
70;Moses Brown;C;24;POR;9;4;9.1;1;2.3;0.429;0;0;0;1;2.3;0.429;0.429;0;0.4;0;2;3.1;5.1;0.2;0.2;0.3;0.4;1.2;2
71;Troy Brown Jr.;SF;24;MIN;36;3;11.3;1.4;3.3;0.441;0.9;2.3;0.369;0.6;0.9;0.618;0.572;0.5;0.6;0.864;0.4;1.6;2;1;0.2;0.1;0.5;0.7;4.3
72;Jalen Brunson;PG;27;NYK;48;48;35.9;9.7;20.1;0.481;2.7;6.6;0.413;7;13.6;0.514;0.548;5.2;6.2;0.835;0.6;3.3;3.9;6.5;0.9;0.2;2.3;2;27.3
73;Thomas Bryant;C;26;MIA;25;3;10.4;1.8;3.1;0.571;0;0.2;0;1.8;2.9;0.603;0.571;0.7;0.9;0.818;1;2.1;3.1;0.6;0.2;0.2;0.6;1;4.2
74;Kobe Bufkin;SG;20;ATL;3;0;2;0.3;1.3;0.25;0.3;0.7;0.5;0;0.7;0;0.375;0.3;0.7;0.5;0.3;0.7;1;0.3;0;0;0;0;1.3
75;Reggie Bullock;SF;32;HOU;19;0;9.2;0.9;2.2;0.405;0.6;1.6;0.387;0.3;0.6;0.455;0.548;0.1;0.1;1;0.1;1.2;1.3;0.5;0.2;0.1;0.3;0.5;2.5
76;Alec Burks;SG;32;DET;41;0;20.8;3.7;9.4;0.388;2.3;5.8;0.392;1.4;3.7;0.38;0.508;2.7;3;0.896;0.4;2;2.4;1.6;0.5;0.3;0.8;1.5;12.3
77;Jared Butler;SG;23;WAS;17;0;7.5;1.6;2.9;0.56;0.6;1.4;0.417;1.1;1.5;0.692;0.66;0.7;0.9;0.8;0;0.6;0.6;1.8;0.5;0.1;0.6;0.8;4.6
78;Jimmy Butler;PF;34;MIA;34;34;33.8;6.7;13.4;0.502;0.9;2.1;0.444;5.8;11.3;0.513;0.537;7.1;8.1;0.87;2.1;3.2;5.3;4.4;1.2;0.3;1.7;1.1;21.5
79;Jamal Cain;PF;24;MIA;14;1;14.9;2.1;4.7;0.439;0.6;1.8;0.32;1.5;2.9;0.512;0.5;1;1.4;0.737;0.9;1.2;2.1;0.2;0.6;0.3;0.3;1.1;5.7
80;Kentavious Caldwell-Pope;SG;30;DEN;48;48;32.4;3.6;7.9;0.449;1.5;3.8;0.38;2.1;4.1;0.513;0.541;1.6;1.8;0.918;0.4;1.9;2.3;2.4;1.4;0.5;1;2;10.2
81;Toumani Camara;PF;23;POR;48;30;23.6;2.5;6;0.416;0.7;2.5;0.275;1.8;3.5;0.518;0.474;1.1;1.5;0.718;1.8;2.9;4.7;1;1.1;0.5;1.1;2.5;6.7
82;Clint Capela;C;29;ATL;47;47;25.7;4.8;8.4;0.575;0;0;0;4.8;8.4;0.575;0.575;1.8;2.8;0.649;4.8;5.8;10.6;1;0.6;1.5;0.9;2.4;11.5
83;Jevon Carter;PG;28;CHI;48;0;13.7;1.9;5.3;0.366;1.1;3.4;0.337;0.8;1.9;0.418;0.474;0.1;0.1;0.6;0.1;0.6;0.8;1.2;0.5;0.3;0.5;1;5.1
84;Wendell Carter Jr.;C;24;ORL;23;17;26;4;7.9;0.514;1.2;2.9;0.409;2.9;5;0.574;0.588;2.1;2.8;0.754;2;4.8;6.8;1.6;0.5;0.5;1;2.3;11.4
85;Alex Caruso;SG;29;CHI;43;31;26.7;3.5;7.3;0.486;1.8;4.4;0.405;1.7;2.9;0.61;0.609;1.2;1.5;0.758;1;2.7;3.6;2.8;1.3;1.1;1.3;2.5;10
86;Colin Castleton;C;23;LAL;5;0;6.4;1.2;1.8;0.667;0;0;0;1.2;1.8;0.667;0.667;0.8;0.8;1;0.8;1;1.8;0.6;0;0;0.2;1.2;3.2
87;Malcolm Cazalon;SG;22;DET;1;0;3;0;0;0;0;0;0;0;0;0;0;0;0;0;0;0;0;0;0;0;0;0;0
88;Julian Champagnie;SF;22;SAS;43;28;16.4;1.9;4.7;0.404;1.3;3.4;0.381;0.6;1.3;0.464;0.542;0.8;1;0.81;0.5;1.9;2.3;1;0.6;0.6;0.7;1.1;5.9
89;Max Christie;SG;20;LAL;41;6;17.2;1.8;4.3;0.423;0.7;2.1;0.349;1.1;2.2;0.494;0.509;0.6;0.8;0.788;0.2;2.4;2.6;1;0.4;0.3;0.8;1.2;5
90;Sidy Cissoko;SF;19;SAS;5;0;6.4;0.2;1.2;0.167;0;0.8;0;0.2;0.4;0.5;0.167;0.8;0.8;1;0;1.2;1.2;0;0.6;0;0.2;0.4;1.2
91;Jordan Clarkson;SG;31;UTA;40;19;30.1;6.4;15.2;0.419;1.7;5.6;0.296;4.7;9.6;0.491;0.474;3.3;3.7;0.879;1;2.5;3.4;4.9;0.6;0.1;2.8;1.4;17.6
92;Nic Claxton;C;24;BRK;38;38;29.6;5.4;8.5;0.637;0;0.1;0.333;5.4;8.4;0.639;0.638;1.6;2.8;0.562;3;7.4;10.5;2;0.7;2.2;1.2;2.5;12.4
93;Noah Clowney;PF;19;BRK;3;0;10;2;3.3;0.6;0;0.3;0;2;3;0.667;0.6;1.3;1.3;1;1;1.3;2.3;1;0;0.3;0.3;1;5.3
94;Amir Coffey;SF;26;LAC;35;7;16.8;2.1;3.6;0.567;0.7;1.7;0.426;1.3;1.9;0.697;0.669;0.8;0.9;0.871;0.3;1.3;1.7;0.7;0.5;0.1;0.4;1.2;5.6
95;John Collins;PF;26;UTA;46;44;27.7;5.5;10.7;0.515;1.2;3.5;0.346;4.3;7.2;0.598;0.572;1.8;2.3;0.778;2.2;5.8;7.9;1;0.6;0.8;1.3;2.8;14.1
96;Zach Collins;C;26;SAS;38;24;25;4.6;9.7;0.476;0.9;3.3;0.283;3.7;6.4;0.576;0.524;1.9;2.4;0.763;1.9;3.8;5.7;3.1;0.6;0.7;2.2;3.3;12.1
97;Mike Conley;PG;36;MIN;44;44;29.1;3.6;8.2;0.442;2.3;5.3;0.435;1.3;2.9;0.453;0.582;1.2;1.3;0.927;0.3;2.5;2.8;6.4;1;0.2;1.1;1.7;10.7
98;Pat Connaughton;SF;31;MIL;43;0;20.7;1.9;4.2;0.44;1.1;3;0.374;0.7;1.2;0.608;0.574;0.4;0.5;0.783;0.6;2.4;3;1.7;0.5;0.2;0.5;1.2;5.3
99;Bilal Coulibaly;SF;19;WAS;47;2;26.6;3;6.6;0.463;1;2.6;0.379;2;3.9;0.519;0.539;1.3;1.8;0.686;0.8;3.3;4;1.8;0.9;0.8;1.4;2.1;8.3
100;Ricky Council IV;SG;22;PHI;8;0;5.5;1;2.1;0.471;0.3;0.4;0.667;0.8;1.8;0.429;0.529;1.1;1.6;0.692;0.5;0.5;1;0.1;0.3;0;0;0.1;3.4
101;Robert Covington;SF-PF;33;TOT;29;6;16.8;1.5;3.4;0.439;0.7;1.9;0.339;0.8;1.4;0.571;0.536;0.8;0.9;0.846;1.1;2.3;3.3;0.8;1.3;0.6;0.4;1.9;4.4
101;Robert Covington;PF;33;LAC;3;3;23;1;3;0.333;0.7;2.7;0.25;0.3;0.3;1;0.444;0.3;0.7;0.5;0.7;2;2.7;2.3;2;0.7;0;2.3;3
101;Robert Covington;SF;33;PHI;26;3;16.1;1.5;3.4;0.449;0.7;1.8;0.354;0.9;1.6;0.561;0.545;0.8;0.9;0.875;1.1;2.3;3.4;0.7;1.3;0.6;0.4;1.9;4.5
102;Torrey Craig;SF;33;CHI;28;7;20.9;2.2;5.1;0.424;1.1;2.9;0.375;1.1;2.3;0.484;0.528;0.6;0.8;0.783;1.8;3;4.8;1;0.6;0.4;0.6;2.5;6.1
103;Jae Crowder;PF;33;MIL;18;3;22.6;2.4;5.3;0.463;1.5;3.7;0.409;0.9;1.6;0.586;0.605;0.5;0.9;0.563;0.4;2.7;3.2;1.3;0.7;0.2;0.4;1.7;6.9
104;Cade Cunningham;PG;22;DET;39;39;34.3;8.4;18.8;0.448;1.8;5.4;0.343;6.6;13.4;0.49;0.497;3.8;4.4;0.86;0.4;3.6;4;7.5;1;0.3;3.8;2.8;22.5
105;Seth Curry;SG;33;DAL;36;3;12.7;1.5;4;0.372;0.8;2.2;0.363;0.7;1.8;0.385;0.472;0.5;0.5;0.895;0.4;1;1.4;0.8;0.5;0.1;0.4;0.9;4.3
106;Stephen Curry;PG;35;GSW;43;43;33.7;9.1;19.8;0.459;4.9;11.8;0.411;4.2;7.9;0.531;0.582;5.1;5.5;0.932;0.5;3.9;4.4;5;0.8;0.4;3;1.8;28.1
107;Dyson Daniels;PG;20;NOP;49;15;21.8;2.1;4.9;0.429;0.6;2.1;0.282;1.5;2.8;0.54;0.49;0.6;1;0.646;1;2.7;3.7;2.7;1.3;0.3;1;1.6;5.4
108;Anthony Davis;C;30;LAL;47;47;35.9;9.4;17;0.551;0.4;1.2;0.309;9;15.9;0.568;0.561;5.5;6.9;0.807;3.1;9;12.2;3.7;1.1;2.4;2.1;2.5;24.7
109;Johnny Davis;SG;21;WAS;22;0;7.5;1;2.4;0.442;0;0.2;0.25;1;2.2;0.458;0.452;0.2;0.3;0.571;0.4;0.5;1;0.3;0.3;0.1;0.2;0.6;2.3
110;JD Davison;SG;21;BOS;2;0;3;0;0.5;0;0;0.5;0;0;0;0;0;1;1;1;0.5;0.5;1;0;0;0;0;0;1
111;Dexter Dennis;SG;24;DAL;4;0;7.5;2.5;4.8;0.526;0.3;2;0.125;2.3;2.8;0.818;0.553;0.3;0.8;0.333;0.3;2;2.3;1;0;0.3;0.8;0.3;5.5
112;DeMar DeRozan;SF;34;CHI;48;48;37.4;7.6;16.4;0.465;0.9;2.8;0.331;6.7;13.6;0.493;0.494;5.9;6.9;0.846;0.6;3.5;4.1;5.4;1.2;0.7;1.6;2.1;22
113;Moussa Diabaté;C;22;LAC;10;0;5.8;0.9;1.8;0.5;0;0;0;0.9;1.8;0.5;0.5;0.9;1.2;0.75;1.4;0.6;2;0.4;0.4;0;0.2;0.4;2.7
114;Mamadi Diakite;PF;27;SAS;3;0;5.3;1.3;1.7;0.8;0;0;0;1.3;1.7;0.8;0.8;1.3;2;0.667;0.3;0.7;1;0.7;0;0.3;0;0.3;4
115;Hamidou Diallo;SG;25;WAS;2;0;2.5;0.5;1;0.5;0;0;0;0.5;1;0.5;0.5;0;0;0;1;0;1;0.5;1;0;0.5;0.5;1
116;Gradey Dick;SG;20;TOR;27;1;14;1.3;4;0.321;0.7;2.5;0.279;0.6;1.5;0.39;0.408;0.7;0.7;0.9;0.5;1.3;1.7;1.1;0.6;0;0.7;1.4;4
117;Ousmane Dieng;PF;20;OKC;24;0;11.6;1.5;3.5;0.446;0.7;2.2;0.321;0.8;1.3;0.667;0.548;0.5;0.6;0.857;0.4;1.4;1.8;1;0.1;0;0.5;0.8;4.3
118;Spencer Dinwiddie;PG;30;BRK;46;46;30.4;4.1;10.4;0.392;1.9;5.8;0.325;2.2;4.6;0.479;0.483;2.7;3.4;0.783;0.6;2.8;3.3;6;0.8;0.2;1.3;1.8;12.7
119;Donte DiVincenzo;SG;27;NYK;50;32;23.7;4.4;9.8;0.451;2.9;7;0.416;1.5;2.8;0.54;0.6;0.9;1.2;0.733;0.8;2.5;3.2;2.3;1.1;0.3;1.1;2;12.6
120;Luka Don?i?;PG;24;DAL;41;41;37.6;11.8;24;0.489;3.9;10.4;0.374;7.9;13.7;0.576;0.569;7.4;9.5;0.784;0.8;7.8;8.6;9.6;1.4;0.6;4;1.9;34.8
121;Luguentz Dort;SF;24;OKC;47;47;28.3;3.5;8;0.439;1.8;4.7;0.388;1.7;3.3;0.51;0.552;1.6;2;0.809;1.1;2.7;3.8;1.3;0.8;0.7;0.9;3;10.4
122;Ayo Dosunmu;SG;24;CHI;48;10;24.6;3.7;7.6;0.493;1.2;3.1;0.38;2.5;4.4;0.573;0.572;1;1.2;0.793;0.7;1.9;2.6;2.2;0.8;0.5;1;2;9.6
123;Andre Drummond;C;30;CHI;50;7;15.8;3.1;5.7;0.553;0;0;0;3.1;5.6;0.557;0.553;1.4;2.6;0.558;3.3;5;8.3;0.5;1.1;0.6;1;1.7;7.7
124;Chris Duarte;SF;26;SAC;35;11;13.2;1.3;3.6;0.36;0.6;1.9;0.313;0.7;1.7;0.414;0.444;0.5;0.7;0.75;0.4;1.5;1.8;0.9;0.5;0.1;0.6;1.7;3.7
125;Kris Dunn;PG;29;UTA;42;24;17.5;2.2;4.5;0.487;0.6;1.4;0.431;1.6;3.1;0.512;0.553;0.3;0.4;0.667;0.7;2.2;2.9;4.2;0.9;0.5;1.3;1.8;5.2
126;Kevin Durant;PF;35;PHO;42;42;37.3;10.2;19.1;0.535;2.3;5.1;0.453;7.9;14;0.564;0.595;5.8;6.6;0.877;0.5;5.9;6.4;5.8;0.9;1.3;3.1;1.9;28.5
127;Jalen Duren;C;20;DET;33;32;29.9;6.2;9.6;0.642;0;0.1;0;6.2;9.6;0.646;0.642;1.5;2.2;0.694;3.3;8.5;11.8;2.5;0.4;0.8;1.9;3.1;13.9
128;Tari Eason;PF;22;HOU;22;0;21.8;4;8.6;0.466;0.8;2.3;0.36;3.2;6.3;0.504;0.513;1;1.5;0.636;2.1;4.9;7;1.2;1.4;0.9;0.9;2.3;9.8
129;Anthony Edwards;SG;22;MIN;46;46;34.9;8.8;18.9;0.465;2.5;6.4;0.386;6.3;12.6;0.505;0.53;5.4;6.4;0.841;0.6;4.5;5.1;5.2;1.2;0.5;3.4;1.9;25.5
130;Kessler Edwards;SF;23;SAC;33;0;4.9;0.5;1.3;0.395;0.3;0.8;0.346;0.2;0.5;0.471;0.5;0.1;0.1;0.75;0.2;0.6;0.8;0.3;0.1;0.1;0;0.4;1.4
131;Keon Ellis;SG;24;SAC;28;3;12.2;1.3;3;0.434;0.9;2.4;0.382;0.4;0.5;0.667;0.59;0.4;0.6;0.647;0.3;1;1.3;1.3;0.5;0.4;0.5;1.4;3.9
132;Joel Embiid;C;29;PHI;34;34;34;11.8;22.2;0.533;1.2;3.3;0.366;10.6;18.9;0.562;0.56;10.5;11.9;0.883;2.6;8.7;11.3;5.7;1.1;1.8;3.7;2.9;35.3
133;Drew Eubanks;C;26;PHO;43;3;16.2;2.3;3.7;0.637;0.1;0.1;1;2.3;3.6;0.63;0.646;1;1.3;0.741;1.4;2.9;4.3;1;0.3;0.8;1;1.7;5.7
134;Tosan Evbuomwan;SF;22;MEM;1;0;16;1;2;0.5;1;2;0.5;0;0;0;0.75;0;0;0;1;0;1;1;0;0;0;1;3
135;Dante Exum;PG;28;DAL;32;14;19.7;3.6;6.3;0.571;1;2;0.477;2.7;4.3;0.616;0.648;1;1.4;0.727;0.6;2.2;2.8;2.8;0.6;0.2;0.8;1.6;9.2
136;Bruno Fernando;C;25;ATL;13;0;6.5;1.1;2.1;0.519;0;0.2;0;1.1;1.8;0.583;0.519;0.8;1.5;0.526;0.5;1.5;2;0.3;0.2;0.4;0.5;0.9;2.9
137;Dorian Finney-Smith;PF;30;BRK;42;31;28.8;3.3;8.1;0.412;2.1;5.5;0.383;1.2;2.6;0.473;0.541;0.3;0.5;0.7;1.7;3.1;4.8;1.4;0.7;0.6;0.8;2.2;9.1
138;Malachi Flynn;PG;25;TOT;44;0;11.9;1.4;3.5;0.404;0.7;2;0.333;0.8;1.5;0.5;0.5;0.6;0.8;0.788;0.3;1.3;1.6;1.8;0.4;0.1;0.8;1;4.1
138;Malachi Flynn;PG;25;TOR;31;0;15.3;1.8;4.4;0.409;0.9;2.6;0.35;0.9;1.8;0.491;0.511;0.5;0.7;0.773;0.4;1.7;2.1;2.4;0.6;0.2;1.1;1.4;5.1
138;Malachi Flynn;PG;25;NYK;13;0;3.8;0.5;1.5;0.368;0.2;0.8;0.2;0.4;0.7;0.556;0.421;0.7;0.8;0.818;0;0.4;0.4;0.4;0.1;0;0.2;0.2;1.9
139;Simone Fontecchio;SF;28;UTA;48;32;23.1;3.3;7.3;0.448;1.9;4.8;0.395;1.4;2.5;0.55;0.578;0.6;0.8;0.789;1;2.5;3.5;1.4;0.6;0.4;1;1.7;9
140;Jordan Ford;PG;25;SAC;6;0;3.7;0.7;1.2;0.571;0.3;0.5;0.667;0.3;0.7;0.5;0.714;0.3;0.3;1;0;0.3;0.3;0.3;0;0;0.2;0;2
141;Trent Forrest;SG;25;ATL;19;0;10.6;0.8;2.5;0.319;0.1;0.4;0.286;0.7;2.1;0.325;0.34;0.4;0.5;0.8;0.3;1.1;1.4;2;0.4;0.1;0.5;0.9;2.1
142;Evan Fournier;SG;31;NYK;3;0;13;1.3;6.7;0.2;0.7;5;0.133;0.7;1.7;0.4;0.25;0.7;0.7;1;0;1.3;1.3;1;1.3;0;0.3;1.3;4
143;De'Aaron Fox;PG;26;SAC;42;42;35.6;9.7;20.7;0.47;3;7.9;0.38;6.7;12.8;0.526;0.543;5;6.9;0.721;0.8;3.2;4;5.4;1.8;0.4;2.5;2.5;27.5
144;Javon Freeman-Liberty;PG;24;TOR;2;0;2;0.5;1.5;0.333;0;0;0;0.5;1.5;0.333;0.333;0;0;0;0.5;0;0.5;0;0;0;0;0;1
145;Alex Fudge;SF;20;LAL;4;0;3.5;0.3;1.5;0.167;0;0.5;0;0.3;1;0.25;0.167;0.5;0.5;1;0.5;0;0.5;0;0;0;0.3;0.3;1
146;Markelle Fultz;PG;25;ORL;16;10;24.6;4.3;8.4;0.515;0;0.2;0;4.3;8.2;0.527;0.515;0.4;0.8;0.462;1.3;1.9;3.2;3.8;1.4;0.4;1.1;1.6;9
147;Daniel Gafford;C;25;WAS;43;43;26.3;4.4;6.4;0.687;0;0;0;4.4;6.4;0.687;0.687;1.9;2.7;0.709;2.9;5.1;7.9;1.6;1;2.1;1;3.3;10.7
148;Danilo Gallinari;PF-SF;35;TOT;30;0;14.9;2.3;4.9;0.463;0.9;2.4;0.375;1.4;2.5;0.547;0.554;2.2;2.6;0.846;0.4;2.4;2.8;1.3;0.2;0.1;0.4;1.1;7.6
148;Danilo Gallinari;PF;35;WAS;26;0;14.8;2.2;5;0.435;0.8;2.5;0.313;1.4;2.6;0.552;0.511;1.8;2.2;0.839;0.5;2.5;2.9;1.2;0.2;0.1;0.5;1;7
148;Danilo Gallinari;SF;35;DET;4;0;15.8;2.8;4;0.688;1.8;2;0.875;1;2;0.5;0.906;4.8;5.5;0.864;0.3;1.8;2;2.3;0.3;0.3;0;1.5;12
149;Darius Garland;PG;24;CLE;23;23;32.5;7.1;15;0.471;1.7;5;0.339;5.4;10;0.537;0.527;3.5;4.2;0.844;0.5;2.1;2.6;5.7;1.6;0.2;3.6;1.5;19.4
150;Usman Garuba;PF;21;GSW;2;0;3;0;0.5;0;0;0;0;0;0.5;0;0;0;0;0;0;0;0;0.5;0.5;0;0;0.5;0
151;Luka Garza;C;25;MIN;10;0;2.8;0.8;2.1;0.381;0.1;0.6;0.167;0.7;1.5;0.467;0.405;0.6;1;0.6;0.5;0.4;0.9;0.2;0;0;0.2;0.8;2.3
152;Kaiser Gates;SF;27;NOP;1;0;7;0;4;0;0;2;0;0;2;0;0;0;0;0;0;1;1;0;0;0;0;0;0
153;Keyonte George;PG;20;UTA;44;16;24.1;3.4;9.1;0.378;1.6;5.1;0.323;1.8;4;0.446;0.468;2.5;3.1;0.824;0.3;2.5;2.8;4.2;0.4;0.1;2;1;11
154;Paul George;PF;33;LAC;44;44;33.9;8;17.3;0.464;3.4;8.3;0.412;4.6;9.1;0.511;0.562;3.4;3.8;0.909;0.6;4.8;5.4;3.6;1.6;0.4;2;2.9;22.9
155;Taj Gibson;PF;38;NYK;11;0;8.8;0.6;1.3;0.5;0;0.4;0;0.6;0.9;0.7;0.5;0;0;0;0.5;1.1;1.6;0.5;0.1;0.5;0.2;1.8;1.3
156;Josh Giddey;SG;21;OKC;48;48;24.7;4.7;10.4;0.449;0.9;2.8;0.326;3.8;7.6;0.493;0.492;1.2;1.5;0.817;1.4;4.9;6.3;4.6;0.7;0.5;2.1;1.2;11.4
157;Harry Giles;C;25;BRK;16;0;5.1;1.4;2.8;0.5;0.2;0.7;0.273;1.2;2.1;0.576;0.534;0.4;0.8;0.538;0.8;0.9;1.6;0.4;0.1;0.2;0.4;0.9;3.4
158;Shai Gilgeous-Alexander;PG;25;OKC;48;48;34.3;10.9;20;0.548;1.2;3.4;0.352;9.8;16.6;0.588;0.578;8.3;9.3;0.89;0.9;4.7;5.6;6.4;2.3;0.8;2.2;2.5;31.3
159;Anthony Gill;PF;31;WAS;28;0;5.6;0.8;1.6;0.5;0.1;0.4;0.25;0.7;1.2;0.588;0.533;0.4;0.6;0.75;0.5;0.8;1.3;0.4;0.1;0.2;0.4;0.4;2.2
160;Collin Gillespie;PG;24;DEN;15;0;6.5;0.8;1.7;0.48;0.3;0.9;0.308;0.5;0.8;0.667;0.56;0.3;0.3;0.8;0.1;0.3;0.3;0.6;0.3;0;0.3;0.8;2.1
161;Jacob Gilyard;PG;25;MEM;32;11;16.8;1.4;3.5;0.411;1.3;2.9;0.426;0.2;0.6;0.333;0.589;0.1;0.1;1;0.3;0.8;1.1;3.4;0.7;0.1;0.6;0.9;4.2
162;Rudy Gobert;C;31;MIN;48;48;33.2;5.1;7.9;0.643;0;0;0;5.1;7.9;0.646;0.643;3.4;5.3;0.644;3.4;9;12.5;1.2;0.6;2.1;1.6;3;13.6
163;Jordan Goodwin;PG;25;PHO;38;0;14.4;1.9;5;0.384;0.6;2.1;0.288;1.3;2.9;0.455;0.445;0.6;0.7;0.852;1.1;2;3.1;2;0.6;0.2;0.8;1.1;5.1
164;Aaron Gordon;PF;28;DEN;44;44;31.9;5.4;10;0.543;0.6;1.8;0.309;4.8;8.1;0.597;0.572;2.3;3.7;0.621;2.6;4;6.6;3.2;0.8;0.7;1.4;1.9;13.7
165;Eric Gordon;SG;35;PHO;41;20;30.2;4.7;10.3;0.454;2.5;6.6;0.384;2.1;3.7;0.58;0.577;0.8;1;0.78;0.3;1.9;2.2;2.3;1;0.5;1.3;1.3;12.6
166;Devonte' Graham;PG;28;SAS;10;0;8.8;1.1;2.8;0.393;0.7;2;0.35;0.4;0.8;0.5;0.518;0.6;0.8;0.75;0.2;1.1;1.3;1.9;0.3;0.1;0.3;0.4;3.5
167;Jerami Grant;PF;29;POR;44;43;32.8;7.1;15.4;0.461;2;5;0.403;5.1;10.4;0.489;0.527;4.5;5.6;0.809;0.7;2.9;3.6;2.5;0.7;0.7;1.9;2.1;20.8
168;A.J. Green;SG;24;MIL;29;0;7.4;1.1;2.6;0.44;0.9;2.2;0.422;0.2;0.4;0.545;0.62;0.1;0.1;1;0.2;0.6;0.8;0.6;0;0;0;0.8;3.3
169;Danny Green;SG;36;PHI;2;0;9;0;1;0;0;0.5;0;0;0.5;0;0;0;0;0;0;1;1;0.5;0.5;0;0;0.5;0
170;Draymond Green;PF;33;GSW;22;19;26.9;3.3;6.8;0.48;1.1;2.7;0.417;2.1;4.1;0.522;0.563;1.5;1.9;0.805;1.2;5;6.2;6.2;0.7;0.9;2.5;3.1;9.2
171;Jalen Green;SG;21;HOU;48;48;30.8;6.3;15.1;0.416;2.1;6.6;0.321;4.1;8.5;0.49;0.486;3.7;4.5;0.812;0.4;4.4;4.8;3.3;0.7;0.3;2.1;1.3;18.4
172;Jeff Green;PF;37;HOU;46;4;16.6;2;4;0.503;0.3;1.2;0.281;1.7;2.7;0.603;0.546;1.8;2.1;0.837;0.6;1.5;2.1;0.7;0.2;0.5;0.7;1.5;6.1
173;Josh Green;SG;23;DAL;36;19;27.1;3.3;6.8;0.476;1.4;3.5;0.4;1.9;3.4;0.554;0.577;0.6;1.1;0.579;0.6;2.6;3.2;2.5;0.7;0.1;1.2;2;8.5
174;AJ Griffin;SF;20;ATL;18;0;7.3;0.7;2.5;0.289;0.5;1.8;0.273;0.2;0.7;0.333;0.389;0.1;0.1;1;0.1;0.7;0.8;0.2;0.1;0.1;0.3;0.3;2.1
175;Quentin Grimes;SG;23;NYK;45;18;20.2;2.5;6.4;0.395;1.7;4.7;0.363;0.8;1.6;0.486;0.53;0.5;0.8;0.706;0.3;1.6;2;1.2;0.7;0.1;0.5;1.5;7.3
176;Mouhamed Gueye;PF;21;ATL;2;0;2;0;0.5;0;0;0.5;0;0;0;0;0;0;0;0;0;0;0;0;0.5;0;0;0.5;0
177;Rui Hachimura;PF;25;LAL;37;8;23;4.3;8.6;0.494;1.2;3;0.391;3.1;5.7;0.548;0.561;1.6;2.2;0.753;0.8;2.9;3.6;1.1;0.7;0.2;0.8;1.4;11.4
178;Tyrese Haliburton;PG;23;IND;37;36;32.5;8.1;16.5;0.494;3.2;8.1;0.395;4.9;8.4;0.59;0.591;3.3;3.8;0.866;0.7;3.4;4.1;12;1.1;0.6;2.5;1.1;22.8
179;R.J. Hampton;PG;22;MIA;8;2;9.5;0.5;1.8;0.286;0.1;1;0.125;0.4;0.8;0.5;0.321;0.1;0.3;0.5;0.3;0.5;0.8;1;0;0;0.4;1;1.3
180;Tim Hardaway Jr.;SF;31;DAL;46;10;30.4;6.2;14.8;0.422;3.3;8.9;0.368;3;5.9;0.504;0.533;2.6;2.9;0.874;0.3;3.3;3.7;1.7;0.5;0;1;1.5;18.3
181;James Harden;PG;34;LAC;42;42;34.1;5;11.3;0.444;2.6;6.5;0.405;2.4;4.8;0.498;0.561;4.2;4.8;0.877;0.4;4.5;4.9;8.5;1.2;0.9;2.5;2.1;16.9
182;Jaden Hardy;SG;21;DAL;44;6;16;2.9;7.5;0.389;1.3;3.8;0.351;1.6;3.7;0.429;0.479;0.8;1.1;0.714;0.3;1.8;2.1;1.8;0.3;0.1;0.8;1.3;8
183;Ron Harper Jr.;PF;23;TOR;1;0;4;0;0;0;0;0;0;0;0;0;0;0;0;0;0;0;0;1;0;0;0;2;0
184;Gary Harris;SG;29;ORL;28;6;22.6;2.4;5.5;0.432;1.3;3.9;0.333;1.1;1.7;0.66;0.548;0.9;1.1;0.774;0.5;1.2;1.7;1.8;0.8;0.2;0.5;1.7;6.9
185;Joe Harris;SG;32;DET;15;0;10.5;0.9;2.4;0.361;0.7;1.9;0.345;0.2;0.5;0.429;0.5;0.1;0.1;0.5;0.2;0.7;0.9;0.7;0.2;0.1;0.3;1.2;2.5
186;Kevon Harris;SG;26;ORL;1;0;3;0;0;0;0;0;0;0;0;0;0;0;0;0;0;1;1;0;0;0;1;1;0
187;Tobias Harris;PF;31;PHI;44;44;34;6.8;13.3;0.512;1.2;3.5;0.344;5.6;9.8;0.572;0.557;3.1;3.5;0.902;1.1;4.8;6;3.2;1;0.5;1.4;1.7;17.9
188;Shaquille Harrison;SG;30;MEM;3;0;2;0.3;0.7;0.5;0;0;0;0.3;0.7;0.5;0.5;0;0;0;0;0.7;0.7;0;0;0.3;0;0;0.7
189;Josh Hart;SF;28;NYK;49;10;29.2;2.9;6.8;0.426;0.9;2.8;0.302;2;3.9;0.516;0.489;0.8;1;0.833;1.3;5.6;6.9;3;0.8;0.3;1.2;1.9;7.4
190;Isaiah Hartenstein;C;25;NYK;48;22;25.6;2.8;4.5;0.606;0;0.1;0.333;2.7;4.5;0.609;0.608;1.4;1.9;0.699;3.4;5.3;8.8;2;1.1;1.1;1.1;2.9;6.9
191;Sam Hauser;SF;26;BOS;48;5;21.7;2.9;6.4;0.448;2.3;5.5;0.417;0.6;0.9;0.636;0.627;0.2;0.3;0.846;0.6;2.8;3.4;1;0.4;0.3;0.5;1.3;8.3
192;Jordan Hawkins;SG;21;NOP;44;10;21.4;3.3;8.3;0.401;2.1;5.5;0.382;1.3;2.9;0.437;0.526;1.4;1.6;0.847;0.6;2.3;2.8;1.4;0.3;0.1;0.8;1.4;10.2
193;Jaxson Hayes;C;23;LAL;40;3;10.7;1.5;2.1;0.702;0;0.1;0;1.5;2;0.747;0.702;0.6;1;0.615;0.6;1.4;2;0.5;0.4;0.4;0.5;1.7;3.6
194;Killian Hayes;PG;22;DET;41;30;23.9;2.8;6.7;0.413;0.5;1.7;0.286;2.3;5;0.456;0.449;0.8;1.2;0.66;0.3;2.5;2.8;4.8;0.9;0.5;1.2;1.8;6.9
195;Gordon Hayward;SF;33;CHO;25;25;31.9;5.6;11.9;0.468;0.9;2.4;0.361;4.7;9.4;0.496;0.505;2.5;3.2;0.765;1;3.7;4.7;4.6;1.1;0.5;2;1.8;14.5
196;Scoot Henderson;PG;19;POR;40;15;26.5;4.5;11.7;0.38;1.2;3.9;0.314;3.2;7.8;0.412;0.432;2.6;3.3;0.802;0.9;2.1;2.9;4.5;0.6;0.3;3;3;12.8
197;Taylor Hendricks;PF;20;UTA;13;0;13.9;1.8;4.5;0.397;0.9;2.7;0.343;0.8;1.8;0.478;0.5;0.5;0.6;0.75;0.8;1.4;2.2;0.5;0.7;0.5;0.7;0.9;4.9
198;Tyler Herro;SG;24;MIA;30;30;33.9;7.8;18.2;0.429;3.3;8.3;0.403;4.5;9.9;0.45;0.52;2.1;2.5;0.838;0.5;4.8;5.4;4.3;1;0.1;2.3;1.5;21
199;Buddy Hield;SF;31;IND;50;28;26;4.5;10.1;0.441;2.7;7;0.383;1.8;3.1;0.571;0.573;0.6;0.7;0.848;0.7;2.6;3.3;2.7;0.9;0.6;1.2;2;12.2
200;Haywood Highsmith;PF;27;MIA;35;23;21;2.2;5;0.432;1.1;3;0.375;1.1;2.1;0.514;0.543;0.5;0.7;0.792;0.8;2.1;2.9;1.2;0.9;0.5;0.7;2;6
201;Nate Hinton;SG;24;HOU;9;0;4.2;0.7;1.4;0.462;0.4;0.7;0.667;0.2;0.8;0.286;0.615;0;0;0;0.2;0.7;0.9;0.2;0.1;0.1;0.2;0.8;1.8
202;D'Moi Hodge;SG;25;LAL;7;0;5.9;0.7;2.1;0.333;0.4;1.7;0.25;0.3;0.4;0.667;0.433;0.1;0.3;0.5;0;0;0;0.7;0.1;0.1;0.1;0.6;2
203;Aaron Holiday;PG;27;HOU;45;1;17;2.3;5.2;0.444;1.1;2.9;0.395;1.2;2.3;0.505;0.553;0.7;0.8;0.912;0.3;1.6;1.8;1.7;0.5;0.1;0.8;1.5;6.4
204;Jrue Holiday;PG;33;BOS;45;45;33.5;5;10.8;0.465;2;4.8;0.424;3;6;0.498;0.56;1.2;1.4;0.828;1.4;4.6;6;4.6;0.8;0.8;1.9;1.6;13.3
205;Justin Holiday;SG;34;DEN;28;6;12.9;1.3;2.7;0.487;0.8;1.9;0.423;0.5;0.9;0.625;0.632;0;0;0;0.1;1;1.1;0.9;0.6;0.1;0.2;1.2;3.4
206;Richaun Holmes;C;30;DAL;22;2;10.5;1.5;2.7;0.559;0;0;0;1.5;2.7;0.559;0.559;0.5;1;0.571;1.5;2;3.5;0.6;0.1;0.4;0.5;1.5;3.5
207;Chet Holmgren;C;21;OKC;49;49;30;6.3;11.9;0.534;1.6;4.2;0.385;4.7;7.7;0.614;0.602;2.4;3.2;0.769;1.5;6.1;7.6;2.7;0.6;2.6;1.7;2.5;16.7
208;Jalen Hood-Schifino;SG;20;LAL;15;0;6.1;0.5;2.3;0.229;0.1;0.7;0.091;0.5;1.6;0.292;0.243;0.7;1.1;0.625;0.1;0.5;0.7;0.5;0.2;0.1;0.5;0.7;1.8
209;Al Horford;C;37;BOS;40;19;27;2.9;6;0.479;1.7;4;0.41;1.2;2;0.62;0.617;0.3;0.4;0.857;1.3;5.6;6.8;2.9;0.5;1;0.8;1.6;7.7
210;Talen Horton-Tucker;PG;23;UTA;32;11;21.1;4;9.7;0.411;1.2;3.6;0.333;2.8;6.1;0.456;0.472;1.6;2;0.8;0.4;2.1;2.5;4.1;1;0.3;1.6;1.9;10.8
211;Danuel House Jr.;SF;30;PHI;33;3;15.1;1.4;3.1;0.455;0.5;1.5;0.313;0.9;1.6;0.585;0.53;1;1.3;0.75;0.4;1.2;1.6;0.8;0.5;0.2;0.5;1.3;4.2
212;Caleb Houstan;SF;21;ORL;36;7;15.6;1.6;4.1;0.383;1.4;3.9;0.36;0.2;0.3;0.7;0.55;0.5;0.6;0.773;0.6;1.1;1.7;0.6;0.3;0;0.4;1.2;5
213;Jett Howard;SF;20;ORL;11;0;3.8;0.6;1.7;0.368;0.4;1.3;0.286;0.3;0.5;0.6;0.474;0.2;0.4;0.5;0.1;0.4;0.5;0.3;0;0.1;0.2;0.1;1.8
214;Kevin Huerter;SG;25;SAC;46;41;24.9;4.1;9.2;0.447;2;5.6;0.364;2;3.5;0.577;0.558;0.7;0.9;0.78;0.6;3.2;3.8;2.7;0.7;0.4;0.7;2.3;10.9
215;Jay Huff;C;25;DEN;7;0;2.6;0.4;0.9;0.5;0.1;0.6;0.25;0.3;0.3;1;0.583;0;0;0;0;0.1;0.1;0.1;0.1;0;0.1;0.7;1
216;De'Andre Hunter;SF;26;ATL;26;24;29.2;4.8;10.6;0.458;1.8;4.7;0.397;3;5.9;0.506;0.545;2.7;3.1;0.875;0.6;3.3;3.8;1.3;0.8;0.3;1.5;2.8;14.2
217;Matthew Hurt;PF;23;MEM;2;0;12.5;1.5;3.5;0.429;1;2;0.5;0.5;1.5;0.333;0.571;1;1;1;0.5;0.5;1;0.5;0;0;0;0.5;5
218;Bones Hyland;PG;23;LAC;19;2;13.2;2.3;6.3;0.367;1.1;3.4;0.313;1.3;2.9;0.429;0.45;0.5;0.6;0.833;0.2;0.7;0.9;1.7;0.5;0.1;1.2;1.4;6.2
219;Joe Ingles;SF;36;ORL;35;0;17.9;1.6;4.1;0.399;1.1;2.7;0.389;0.6;1.4;0.417;0.528;0.5;0.6;0.85;0.4;2.1;2.5;3.1;0.7;0.1;1;1.6;4.8
220;Brandon Ingram;SF;26;NOP;45;45;33.2;8;16.4;0.488;1.3;3.8;0.351;6.6;12.6;0.529;0.529;4.1;5.1;0.805;0.7;4.3;5;5.6;0.8;0.5;2.5;2.3;21.4
221;Kyrie Irving;SG;31;DAL;27;27;33.3;9.3;19.6;0.472;2.9;7;0.411;6.4;12.6;0.506;0.545;3.8;4.2;0.895;0.8;4.3;5.1;5.3;1.3;0.4;1.6;1.9;25.2
222;Jonathan Isaac;PF;26;ORL;31;1;14.3;2.2;4.8;0.466;0.5;1.8;0.281;1.7;2.9;0.582;0.52;1.2;1.6;0.76;1.1;2.8;3.9;0.4;0.7;1.2;0.5;1.2;6.2
223;Jaden Ivey;SG;21;DET;44;28;26.9;5.2;11.3;0.458;1.4;4.1;0.335;3.8;7.1;0.529;0.519;2.9;4;0.713;1.4;2.4;3.8;3.7;0.7;0.6;2.3;2.8;14.6
224;Andre Jackson Jr.;SG;22;MIL;39;8;11.5;1.1;2;0.551;0.4;0.9;0.389;0.7;1.1;0.69;0.641;0.2;0.2;0.889;0.9;1.3;2.2;0.9;0.3;0.1;0.5;1.9;2.8
225;Gregory Jackson II;PF;19;MEM;17;0;16.3;2.6;6;0.431;1.3;3.3;0.393;1.3;2.7;0.478;0.539;1.5;2.1;0.722;0.8;2.1;2.9;0.8;0.4;0.5;0.6;1.1;8
226;Isaiah Jackson;C;22;IND;37;2;13.8;2.8;4.2;0.65;0;0.1;0;2.8;4.2;0.662;0.65;1.4;1.9;0.714;1.5;2.6;4.2;0.9;0.6;1.2;0.7;2.8;6.9
227;Jaren Jackson Jr.;C;24;MEM;47;47;31.8;7.6;17;0.444;1.7;5.4;0.313;5.9;11.6;0.506;0.494;5.3;6.3;0.832;1.2;4.4;5.6;2;1;1.6;2.2;3.5;22.1
228;Reggie Jackson;PG;33;DEN;50;14;23.1;4.4;9.5;0.461;1.3;3.5;0.379;3.1;6;0.51;0.531;1;1.3;0.769;0.4;1.7;2;4;0.6;0.2;1.4;1.9;11.1
229;Trayce Jackson-Davis;PF;23;GSW;35;3;13.8;2.8;4.1;0.688;0;0;0;2.8;4.1;0.688;0.688;1;1.8;0.571;1.6;2.6;4.2;0.9;0.3;0.8;0.7;1.6;6.7
230;LeBron James;PF;39;LAL;45;45;34.8;9.3;17.9;0.52;2.2;5.4;0.398;7.2;12.5;0.574;0.581;4;5.6;0.728;0.9;6.5;7.4;7.6;1.3;0.6;3.3;1.2;24.9
231;Jaime Jaquez Jr.;SF;22;MIA;43;15;29.7;5.1;10.2;0.502;1;2.9;0.339;4.1;7.3;0.567;0.55;2.1;2.5;0.84;1.2;2.6;3.8;2.6;1.1;0.3;1.7;2.4;13.3
232;DaQuan Jeffries;SG;26;NYK;10;0;3;0.5;1.2;0.417;0.1;0.5;0.2;0.4;0.7;0.571;0.458;0;0.2;0;0;0.5;0.5;0.2;0;0;0.1;0.2;1.1
233;Trey Jemison;C;24;TOT;3;0;5;0.7;0.7;1;0;0;0;0.7;0.7;1;1;0.3;0.3;1;0.3;1;1.3;0;0.3;0.3;0.3;0.7;1.7
233;Trey Jemison;C;24;WAS;2;0;0.5;0;0;0;0;0;0;0;0;0;0;0;0;0;0;0.5;0.5;0;0;0;0.5;0;0
233;Trey Jemison;C;24;MEM;1;0;14;2;2;1;0;0;0;2;2;1;1;1;1;1;1;2;3;0;1;1;0;2;5
234;Ty Jerome;SG;26;CLE;2;0;7.5;1;2;0.5;0;0.5;0;1;1.5;0.667;0.5;0;0;0;0.5;0;0.5;1.5;0;0;0.5;1;2
235;Isaiah Joe;SG;24;OKC;47;0;18.8;3;6.4;0.462;2;4.8;0.424;0.9;1.6;0.571;0.62;0.7;0.8;0.842;0.4;2;2.4;1.1;0.6;0.3;0.6;1.2;8.6
236;Cameron Johnson;PF;27;BRK;39;39;28.5;5.2;11.3;0.456;2.5;6.2;0.398;2.7;5.1;0.525;0.565;1.2;1.6;0.742;1.1;3.5;4.6;2.6;0.8;0.2;1;1.8;13.9
237;Jalen Johnson;SF;22;ATL;35;32;33.4;6.3;11.7;0.534;1.2;3.3;0.368;5;8.4;0.601;0.587;2;2.7;0.753;1.2;7.1;8.4;3.3;1.3;0.8;1.8;2.7;15.7
238;James Johnson;PF;36;IND;5;0;4.8;0.4;1;0.4;0;0.2;0;0.4;0.8;0.5;0.4;0;0;0;0.2;0.6;0.8;1;0.8;0;0.4;0.8;0.8
239;Keldon Johnson;SF;24;SAS;46;26;30.4;6.1;13.3;0.455;1.8;5.2;0.342;4.3;8.2;0.527;0.521;2.8;3.6;0.776;1.5;4.4;5.9;3.2;0.9;0.3;1.6;2.4;16.7
240;Keon Johnson;SG;21;BRK;1;0;21;3;8;0.375;2;4;0.5;1;4;0.25;0.5;4;4;1;0;1;1;1;1;1;1;1;12
241;Keyontae Johnson;SF;23;OKC;7;0;8.1;0.6;1.7;0.333;0.1;0.3;0.5;0.4;1.4;0.3;0.375;0;0;0;0.4;0.4;0.9;0.6;0;0;0.6;0.6;1.3
242;Nikola Joki?;C;28;DEN;48;48;33.8;10.3;17.5;0.587;1;2.9;0.362;9.2;14.6;0.631;0.617;4.8;5.8;0.817;3.1;9.2;12.3;9.1;1.2;0.9;3;2.6;26.3
243;Colby Jones;SG;21;SAC;15;0;7.3;1.1;2.8;0.381;0.1;0.9;0.077;1;1.9;0.517;0.393;0.1;0.2;0.667;0.6;0.8;1.4;0.6;0.3;0.1;0.3;1;2.3
244;Damian Jones;C;28;CLE;22;0;6.4;0.8;1.5;0.531;0.1;0.3;0.286;0.7;1.1;0.6;0.563;0.5;0.5;0.909;0.4;1;1.4;0.4;0.1;0.4;0.4;0.7;2.1
245;Derrick Jones Jr.;SF;26;DAL;44;43;26;3.7;7.6;0.487;1.3;3.8;0.349;2.4;3.8;0.627;0.575;1.3;1.8;0.734;1.2;2.4;3.6;1;0.8;0.8;1;1.9;10.1
246;Herbert Jones;SF;25;NOP;44;44;28.5;3.9;7.9;0.494;1.4;3.5;0.396;2.5;4.4;0.573;0.582;1.8;2;0.856;1.1;2.5;3.6;2.5;1.1;0.9;1.2;2.8;10.9
247;Tre Jones;PG;24;SAS;45;16;26;3.8;7.7;0.497;0.6;2.3;0.284;3.2;5.4;0.586;0.539;1.4;1.6;0.886;0.7;2.5;3.2;5.8;1;0.1;1.4;1.3;9.7
248;Tyus Jones;PG;27;WAS;48;48;28.6;5.1;10.3;0.492;1.5;3.7;0.399;3.6;6.6;0.544;0.564;0.5;0.7;0.758;0.3;2.5;2.9;6.3;1.2;0.3;0.9;0.8;12.1
249;DeAndre Jordan;C;35;DEN;25;1;11.9;1.7;2.6;0.646;0;0;0;1.7;2.6;0.646;0.646;0.8;1.9;0.447;1.7;3;4.7;0.8;0.2;0.5;0.8;1.8;4.2
250;Cory Joseph;PG;32;GSW;25;0;11.6;0.8;2.4;0.333;0.4;1.6;0.282;0.4;0.8;0.429;0.425;0.2;0.3;0.571;0.2;0.9;1.2;1.6;0.2;0.1;0.5;1;2.2
251;Nikola Jovi?;PF;20;MIA;19;12;16.7;1.9;4.8;0.402;1;2.4;0.422;0.9;2.5;0.383;0.505;0.6;1.1;0.55;0.9;3.4;4.3;1.9;0.3;0.4;0.9;1.9;5.5
252;Johnny Juzang;SG;22;UTA;1;0;4;0;2;0;0;2;0;0;0;0;0;0;0;0;0;0;0;1;0;0;0;0;0
253;Luke Kennard;SG;27;MEM;22;9;24.4;3.5;8;0.432;2.7;6.1;0.437;0.8;1.9;0.415;0.599;0.8;0.9;0.895;0.4;2.7;3.1;3.1;0.5;0;1;1;10.4
254;Walker Kessler;C;22;UTA;42;13;23.1;3.7;5.7;0.66;0.1;0.4;0.25;3.6;5.3;0.689;0.668;0.8;1.6;0.515;2.5;4.9;7.4;0.8;0.5;2.7;1;2.1;8.4
255;Braxton Key;SF;26;DEN;14;0;3.2;0.4;1;0.357;0.1;0.3;0.25;0.3;0.7;0.4;0.393;0.3;0.4;0.8;0.1;0.6;0.7;0.6;0.1;0;0.1;0.3;1.1
256;Corey Kispert;SF;24;WAS;47;1;21.9;4.1;8.6;0.483;2;5.4;0.368;2.1;3.2;0.678;0.598;1.3;1.8;0.759;0.3;2;2.3;1.5;0.3;0.2;1;1.5;11.6
257;Maxi Kleber;C;32;DAL;14;3;19.8;1.6;3.9;0.426;0.8;2.2;0.355;0.9;1.6;0.522;0.528;0.8;1.1;0.688;0.6;2.4;3;1.5;0.3;0.6;1;2.4;4.9
258;Kevin Knox;SF;24;DET;30;10;18.2;2.9;6.1;0.47;1;3.1;0.337;1.8;3;0.604;0.555;0.7;0.7;0.909;0.6;1.9;2.5;0.7;0.4;0.2;0.7;1.6;7.4
259;John Konchar;SF;27;MEM;39;10;18.7;1.4;3.5;0.407;0.6;2;0.299;0.8;1.5;0.552;0.493;0.3;0.4;0.786;1.2;3.1;4.3;1.7;0.7;0.9;0.6;1.2;3.7
260;Furkan Korkmaz;SG;26;PHI;33;0;8.4;0.9;2.2;0.411;0.4;1.2;0.368;0.5;1.1;0.457;0.507;0.4;0.6;0.7;0;0.7;0.8;0.8;0.4;0;0.3;0.5;2.7
261;Luke Kornet;C;28;BOS;33;2;15.1;2.2;3.3;0.685;0;0;0;2.2;3.3;0.685;0.685;0.8;0.9;0.897;1.8;2;3.9;0.9;0.4;1;0.5;1.4;5.3
262;Jonathan Kuminga;PF;21;GSW;45;19;24.8;5.7;10.6;0.538;0.8;2.6;0.33;4.9;8.1;0.603;0.577;2.8;4;0.719;1.2;3.3;4.6;1.7;0.7;0.4;1.6;2.3;15.1
263;Kyle Kuzma;PF;28;WAS;48;48;31.5;8.5;18.8;0.455;2.2;6.7;0.329;6.3;12.1;0.524;0.513;2.5;3.1;0.801;1;5.5;6.5;4.3;0.4;0.6;2.6;2.1;21.8
264;Jock Landale;C;28;HOU;27;0;9.2;0.9;2.3;0.387;0.1;0.6;0.118;0.8;1.7;0.489;0.403;0.4;0.6;0.733;1.3;0.8;2.1;0.6;0.3;0.4;0.4;1;2.3
265;Jake LaRavia;PF;22;MEM;11;0;11.1;1.5;3.9;0.372;0.5;2.2;0.208;1;1.7;0.579;0.43;0.3;0.4;0.75;0.6;0.8;1.5;0.5;0.1;0.1;0.4;1.7;3.6
266;Zach LaVine;SG;28;CHI;25;23;34.9;6.8;15;0.452;2.4;6.8;0.349;4.4;8.3;0.536;0.531;3.5;4.1;0.854;0.3;4.8;5.2;3.9;0.8;0.3;2.1;2.3;19.5
267;A.J. Lawson;SG;23;DAL;22;0;9.7;1.5;3.5;0.447;0.5;1.7;0.316;1;1.7;0.579;0.526;0.5;0.8;0.706;0.5;0.8;1.3;0.6;0.4;0.1;0.5;0.8;4.2
268;Saben Lee;PG;24;PHO;11;0;6.8;0.8;1.9;0.429;0;0.5;0;0.8;1.5;0.563;0.429;1.2;1.5;0.765;0.5;0.6;1.1;1.1;0.3;0.3;0.5;0.5;2.8
269;Alex Len;C;30;SAC;17;0;8.8;1.1;1.7;0.621;0;0.1;0;1.1;1.6;0.667;0.621;0.2;0.6;0.4;1.4;1.9;3.3;1.1;0.2;0.5;0.6;1.1;2.4
270;Kawhi Leonard;SF;32;LAC;43;43;34.3;9.1;17.2;0.53;2.3;5.1;0.45;6.8;12.1;0.565;0.597;3.6;4.1;0.886;1.1;5.1;6.3;3.7;1.7;0.9;1.5;1.5;24.1
271;Caris LeVert;SG;29;CLE;37;1;28.4;5.5;13;0.424;1.8;5.4;0.338;3.7;7.6;0.486;0.495;2.4;3.2;0.756;0.5;2.9;3.4;4.1;1.1;0.4;1.5;1.6;15.3
272;Kira Lewis Jr.;PG;22;TOT;16;0;9.1;1;3.3;0.308;0.1;1.3;0.1;0.9;2;0.438;0.327;0.6;0.7;0.909;0.3;0.6;0.9;1.1;0.3;0.1;0.5;0.6;2.8
272;Kira Lewis Jr.;PG;22;NOP;15;0;9.6;1.1;3.5;0.308;0.1;1.3;0.1;0.9;2.1;0.438;0.327;0.7;0.7;0.909;0.3;0.7;0.9;1.2;0.3;0.1;0.5;0.5;2.9
272;Kira Lewis Jr.;PG;22;TOR;1;0;2;0;0;0;0;0;0;0;0;0;0;0;0;0;0;0;0;0;0;0;0;1;0
273;Maxwell Lewis;SF;21;LAL;18;0;3.7;0.2;0.7;0.25;0.1;0.2;0.333;0.1;0.5;0.222;0.292;0;0;0;0.1;0.1;0.2;0.2;0.1;0;0.3;0.2;0.4
274;E.J. Liddell;PF;23;NOP;8;0;2.9;0.1;0.8;0.167;0;0.6;0;0.1;0.1;1;0.167;0.3;0.3;1;0;0.6;0.6;0.1;0.3;0.3;0.3;0.3;0.5
275;Damian Lillard;PG;33;MIL;46;46;35.3;7.5;17.4;0.428;3;8.5;0.351;4.5;8.9;0.502;0.514;7.3;7.9;0.923;0.6;3.7;4.3;6.8;1;0.2;2.5;1.6;25.2
276;Nassir Little;SF;23;PHO;28;2;13.4;1.6;3.4;0.484;0.6;1.9;0.308;1.1;1.5;0.698;0.568;0.6;0.7;0.85;0.5;1.7;2.2;0.6;0.4;0.3;0.4;1.1;4.5
277;Dereck Lively II;C;19;DAL;36;35;26;4.2;5.6;0.739;0;0.1;0;4.2;5.6;0.746;0.739;0.9;1.6;0.544;2.9;5;7.9;1.3;0.6;1.4;1.2;3.1;9.2
278;Isaiah Livers;PF;25;DET;23;6;20.4;1.7;5;0.345;1;3.3;0.286;0.8;1.7;0.462;0.44;0.5;0.8;0.667;0.7;1.4;2.1;1.1;0.6;0.2;0.7;1.9;5
279;Chris Livingston;SF;20;MIL;13;0;4.5;0.5;1;0.538;0.1;0.1;1;0.5;0.9;0.5;0.577;0.2;0.2;1;0.2;0.8;1;0.3;0.2;0;0.2;0.5;1.3
280;Kenneth Lofton Jr.;PF;21;TOT;16;0;6.4;0.9;2.4;0.359;0.2;0.6;0.3;0.7;1.8;0.379;0.397;0.5;0.9;0.533;0.1;0.9;1.1;0.9;0.2;0.2;0.5;0.9;2.4
280;Kenneth Lofton Jr.;PF;21;MEM;15;0;6.6;0.9;2.5;0.378;0.2;0.7;0.3;0.7;1.8;0.407;0.419;0.5;1;0.533;0.1;0.9;1;0.9;0.2;0.2;0.4;1;2.6
280;Kenneth Lofton Jr.;PF;21;PHI;1;0;4;0;2;0;0;0;0;0;2;0;0;0;0;0;0;2;2;0;0;0;2;0;0
281;Kevon Looney;C;27;GSW;46;36;19.2;2.2;3.5;0.62;0;0;0;2.2;3.5;0.623;0.62;0.8;1.2;0.684;2.4;4.3;6.7;2.2;0.5;0.3;0.8;2.3;5.2
282;Brook Lopez;C;35;MIL;48;48;31.9;5;10.2;0.491;1.8;5.1;0.348;3.2;5.1;0.633;0.578;1.5;1.8;0.828;1.6;3.9;5.5;1.6;0.6;2.8;0.9;2.6;13.3
283;Robin Lopez;C;35;MIL;14;1;3;0.3;0.6;0.444;0.1;0.4;0.333;0.1;0.2;0.667;0.556;0.1;0.1;1;0.1;0.1;0.2;0.3;0;0.1;0.1;0.3;0.9
284;Kevin Love;PF;35;MIA;38;5;17.9;2.9;6.5;0.44;1.5;4.5;0.341;1.3;2.1;0.654;0.556;1.9;2.5;0.787;1.1;5.2;6.2;2.3;0.3;0.2;0.8;1.7;9.2
285;Kyle Lowry;PG;37;MIA;37;35;28;2.8;6.5;0.426;1.7;4.4;0.385;1.1;2.2;0.506;0.554;0.9;1.1;0.833;0.7;2.8;3.5;4;1.1;0.4;1.4;2.5;8.2
286;Seth Lundy;SF;23;ATL;9;0;5.8;0.4;1.9;0.235;0.3;1.4;0.231;0.1;0.4;0.25;0.324;0.3;0.4;0.75;0.1;0.7;0.8;0;0;0;0.1;0.7;1.6
287;Trey Lyles;PF;28;SAC;34;0;20.1;2.5;5.4;0.459;1.6;4;0.412;0.9;1.4;0.592;0.611;0.7;1.1;0.649;1;3.6;4.5;1.3;0.3;0.3;0.6;1.6;7.4
288;Théo Maledon;PG;22;CHO;13;1;15.4;1.5;5.1;0.288;0.4;2.3;0.167;1.1;2.8;0.389;0.326;0.8;0.9;0.917;0.3;1.5;1.8;2.2;0.5;0;1.2;1.4;4.2
289;Sandro Mamukelashvili;C;24;SAS;26;0;6.8;0.9;2.3;0.407;0.3;1.2;0.25;0.6;1;0.593;0.475;0.5;0.6;0.75;0.6;1.3;1.9;1;0.2;0.3;0.3;0.7;2.6
290;Terance Mann;SG;27;LAC;41;37;25.1;3;6.4;0.46;0.9;3;0.298;2.1;3.5;0.599;0.529;0.9;1.2;0.771;1.2;1.9;3.1;1.8;0.6;0.3;0.6;1.8;7.7
291;Tre Mann;PG;22;OKC;13;0;9.2;1.5;3.1;0.5;0.6;1.5;0.421;0.9;1.6;0.571;0.6;0.1;0.1;1;0.3;1.5;1.8;1.5;0.2;0;0.7;0.2;3.8
292;Boban Marjanovi?;C;35;HOU;9;0;5.3;1.1;2.3;0.476;0;0.2;0;1.1;2.1;0.526;0.476;0.3;0.7;0.5;0.7;1.8;2.4;0.4;0;0.1;0.2;0.4;2.6
293;Lauri Markkanen;PF;26;UTA;40;40;32.5;7.9;16;0.495;3.2;8.1;0.398;4.7;8;0.594;0.595;4.6;5.2;0.879;2.4;6.3;8.7;2;0.9;0.5;1.2;1.9;23.6
294;Naji Marshall;SF;26;NOP;40;1;18.5;2.6;5.7;0.447;0.8;2.2;0.371;1.7;3.5;0.496;0.52;1.4;1.8;0.781;1;2.6;3.5;2;0.7;0.2;1;1.5;7.4
295;Caleb Martin;SF;28;MIA;32;12;26.3;3.8;8.7;0.442;1.2;3.1;0.374;2.7;5.6;0.48;0.509;1.3;1.7;0.764;1.2;3.5;4.7;2.2;0.7;0.3;1.2;2.1;10.2
296;Cody Martin;SF;28;CHO;17;11;25.9;2.8;7.4;0.373;1;3;0.333;1.8;4.4;0.4;0.44;0.7;1.4;0.522;0.8;2.4;3.2;3.2;1.1;0.6;1.4;1.8;7.2
297;KJ Martin;SF;23;TOT;34;0;9.3;1.1;2.2;0.5;0.1;0.4;0.154;1.1;1.9;0.571;0.513;0.3;0.7;0.478;0.2;0.9;1.1;0.6;0.4;0.1;0.4;1.3;2.6
297;KJ Martin;SF;23;LAC;2;0;15.5;2;5;0.4;0.5;2.5;0.2;1.5;2.5;0.6;0.45;0.5;1;0.5;0.5;1;1.5;0.5;1;0.5;1;1.5;5
297;KJ Martin;SF;23;PHI;32;0;8.9;1.1;2.1;0.515;0;0.3;0.125;1;1.8;0.569;0.523;0.3;0.7;0.476;0.2;0.8;1.1;0.7;0.3;0;0.4;1.3;2.5
298;Garrison Mathews;SG;27;ATL;34;4;12.7;1.2;2.7;0.451;1.1;2.5;0.44;0.1;0.2;0.571;0.654;0.2;0.4;0.583;0.3;1;1.3;0.5;0.2;0.1;0.4;1.6;3.7
299;Bennedict Mathurin;SF;21;IND;48;15;25.8;5.2;11.2;0.463;1.3;3.5;0.371;3.9;7.7;0.504;0.521;3;3.6;0.838;1;2.9;3.9;2;0.6;0.2;1.7;1.9;14.6
300;Wesley Matthews;SG;37;ATL;20;1;11.3;0.6;2.3;0.267;0.4;1.8;0.229;0.2;0.5;0.4;0.356;0.7;1;0.737;0.2;1.2;1.4;0.6;0.5;0.2;0.3;1.4;2.3
301;Tyrese Maxey;PG;23;PHI;44;44;37.4;9;19.9;0.451;3.2;8.3;0.383;5.8;11.7;0.499;0.53;5.1;5.9;0.861;0.6;3;3.5;6.4;1;0.5;1.5;2.1;26.2
302;Skylar Mays;PG-SG;26;TOT;26;5;14.8;2.3;5.7;0.399;0.6;2;0.314;1.7;3.7;0.443;0.453;0.5;0.7;0.765;0.4;1.2;1.5;3.1;0.6;0.1;0.7;0.9;5.7
302;Skylar Mays;PG;26;POR;21;5;17;2.5;6.6;0.384;0.7;2.3;0.286;1.9;4.2;0.438;0.435;0.6;0.8;0.765;0.4;1.3;1.8;3.6;0.7;0.1;0.9;1;6.3
302;Skylar Mays;SG;26;LAL;5;0;6;1.2;2;0.6;0.4;0.4;1;0.8;1.6;0.5;0.7;0;0;0;0.2;0.4;0.6;1.2;0.4;0;0;0.8;2.8
303;Miles McBride;PG;23;NYK;37;2;10.8;1.9;4.2;0.452;1.1;2.5;0.447;0.8;1.6;0.459;0.587;0.4;0.5;0.789;0.1;0.6;0.7;0.9;0.5;0.1;0.4;1.1;5.3
304;CJ McCollum;PG;32;NOP;35;35;32.2;6.9;14.8;0.465;3.4;7.8;0.431;3.5;7;0.504;0.579;2;2.6;0.789;0.6;3.6;4.2;4.7;1.1;0.9;1.7;2.2;19.2
305;T.J. McConnell;PG;31;IND;39;4;17.2;3.5;6.7;0.527;0.1;0.5;0.167;3.4;6.2;0.554;0.533;0.9;1.2;0.761;0.5;2.1;2.6;5.5;1.1;0.1;1.5;1.1;8
306;Jaden McDaniels;SF;23;MIN;39;38;28.8;4.5;8.7;0.513;1.3;3.4;0.368;3.2;5.3;0.606;0.585;0.7;0.9;0.771;0.7;1.9;2.7;1.3;0.9;0.5;1.2;3.2;10.9
307;Jalen McDaniels;SF;26;TOR;30;0;9.1;1.1;3.3;0.343;0.4;1.7;0.22;0.8;1.6;0.469;0.399;0.5;0.7;0.7;0.3;1;1.2;0.5;0.4;0.1;0.4;0.9;3.1
308;Doug McDermott;SF;32;SAS;45;0;15.3;2.1;4.7;0.443;1.7;3.8;0.441;0.4;0.9;0.452;0.62;0.2;0.4;0.588;0.2;0.9;1;1.3;0.2;0;0.5;1;6.1
309;JaVale McGee;C;36;SAC;37;0;8.2;2;3.1;0.64;0;0.1;0;2;3;0.658;0.64;0.7;1.2;0.581;1;1.9;2.9;0.4;0.2;0.5;0.8;1.1;4.6
310;Bryce McGowens;SG;21;CHO;38;12;16.2;1.8;4.1;0.452;0.7;1.9;0.347;1.2;2.2;0.542;0.532;0.9;1.2;0.745;0.3;1.4;1.7;1;0.3;0.1;0.6;1.4;5.3
311;Jordan McLaughlin;PG;27;MIN;28;0;9.1;1;2.4;0.418;0.5;1.4;0.395;0.5;1;0.448;0.53;0.1;0.2;0.5;0.3;0.7;1;1.8;0.8;0.2;0.4;0.5;2.6
312;De'Anthony Melton;SG;25;PHI;33;33;29.1;3.9;9.9;0.393;2.1;5.8;0.363;1.8;4.1;0.437;0.5;1.9;2.3;0.827;0.8;3.2;4;3.2;1.6;0.5;1.2;2.4;11.8
313;Nathan Mensah;C;25;CHO;22;0;12.8;0.5;1;0.435;0;0;0;0.5;1;0.435;0.435;0.4;0.5;0.75;1.2;1.5;2.7;0.4;0.3;0.6;0.6;2.6;1.3
314;Sam Merrill;SG;27;CLE;32;0;16.3;2.8;6.5;0.435;2.4;5.6;0.436;0.4;0.9;0.433;0.622;0.3;0.3;0.909;0.4;1.6;2;1.6;0.3;0;0.3;1.3;8.4
315;Chimezie Metu;C;26;PHO;36;5;12.2;1.8;3.5;0.508;0.4;1.4;0.294;1.4;2.1;0.653;0.567;1.1;1.2;0.884;0.6;2.3;3;0.5;0.5;0.3;0.7;1.1;5
316;Vasilije Mici?;PG;30;OKC;28;0;12;1.3;3.1;0.419;0.4;1.5;0.244;0.9;1.6;0.578;0.477;0.5;0.7;0.737;0;0.8;0.8;2.5;0.3;0.1;0.9;0.8;3.4
317;Khris Middleton;SF;32;MIL;42;42;26.7;5.7;11.8;0.486;1.7;4.6;0.375;4;7.2;0.556;0.559;1.9;2.2;0.839;0.6;3.7;4.3;5.1;0.9;0.3;2.1;2.5;15
318;Brandon Miller;SF;21;CHO;41;35;31;5.9;13.4;0.438;2.2;5.7;0.383;3.7;7.6;0.479;0.52;1.7;2;0.819;0.8;3;3.9;2.3;0.7;0.5;1.6;2.6;15.6
319;Jordan Miller;SF;24;LAC;4;0;4;0.8;1.3;0.6;0.3;0.3;1;0.5;1;0.5;0.7;0;0;0;0.5;0.3;0.8;0;0;0;0.3;0.5;1.8
320;Leonard Miller;SF;20;MIN;5;0;3.8;1.2;1.8;0.667;0.2;0.6;0.333;1;1.2;0.833;0.722;0;0;0;0;1.8;1.8;0.2;0.2;0.2;0.2;0.6;2.6
321;Dariq Whitehead;SF;19;BRK;2;0;12;0.5;2.5;0.2;0;1.5;0;0.5;1;0.5;0.2;0.5;1;0.5;0;2;2;1.5;0;0.5;0;0;1.5
322;Patty Mills;PG;35;ATL;18;0;10.7;1.1;2.7;0.388;0.7;1.8;0.394;0.3;0.9;0.375;0.52;0;0;0;0.3;0.7;1;0.7;0.4;0.1;0.4;0.9;2.8
323;Shake Milton;SG;27;MIN;37;0;13.1;1.7;4.2;0.408;0.4;1.4;0.264;1.4;2.8;0.481;0.452;1;1.2;0.818;0.2;1.1;1.3;1.4;0.4;0.1;0.8;1.2;4.8
324;Justin Minaya;SF;24;POR;13;0;8.9;0.5;1.5;0.3;0.2;1;0.231;0.2;0.5;0.429;0.375;0.2;0.5;0.5;0.4;0.6;1;0.4;0.3;0.4;0.2;0.7;1.4
325;Josh Minott;SF;21;MIN;15;0;3.1;0.5;1.2;0.444;0;0.3;0;0.5;0.9;0.615;0.444;0.7;0.8;0.833;0.1;0.1;0.2;0.2;0.1;0.2;0.1;0.4;1.7
326;Davion Mitchell;PG;25;SAC;38;3;12.7;1.4;3.6;0.38;0.5;1.8;0.257;0.9;1.8;0.507;0.445;0.4;0.6;0.762;0.2;0.9;1;1.8;0.2;0.1;0.6;1.1;3.6
327;Donovan Mitchell;SG;27;CLE;38;38;35.6;9.9;21.1;0.469;3.2;9.2;0.351;6.7;12;0.56;0.545;5.2;6;0.856;1.1;4.4;5.5;6.4;1.9;0.5;2.8;2.2;28.2
328;Evan Mobley;PF;22;CLE;24;24;32.2;6.7;11.5;0.581;0.2;0.6;0.357;6.5;11;0.593;0.59;2.3;3;0.775;2.5;7.6;10.1;2.8;0.8;1.5;2.1;2.9;15.9
329;Isaiah Mobley;PF;24;CLE;3;0;4.7;0.7;1.3;0.5;0.3;0.7;0.5;0.3;0.7;0.5;0.625;0;0;0;0;0.7;0.7;1.3;0.3;0;0.3;0.7;1.7
330;Malik Monk;SG;25;SAC;47;0;25.6;5;11.3;0.439;2.3;6;0.379;2.7;5.3;0.506;0.539;2.4;2.9;0.812;0.4;2.3;2.7;5.4;0.6;0.6;2.1;2;14.6
331;Moses Moody;SG;21;GSW;34;4;18;3.1;6.5;0.482;1.1;3.1;0.358;2;3.4;0.595;0.568;1.3;1.7;0.789;1.1;2;3.1;0.8;0.7;0.3;0.7;1.4;8.7
332;Xavier Moon;SG;29;LAC;2;0;6;0.5;1;0.5;0;0.5;0;0.5;0.5;1;0.5;0;0;0;0;1;1;1.5;0;0;0.5;0.5;1
333;Taze Moore;SG;25;POR;3;0;3.3;1;1.7;0.6;0;0.7;0;1;1;1;0.6;0;0;0;0;0;0;0.3;0.3;0;0.3;0.7;2
334;Wendell Moore Jr.;SG;22;MIN;12;0;3.1;0.3;0.5;0.667;0;0.2;0;0.3;0.3;1;0.667;0;0;0;0;0.4;0.4;0.1;0.3;0.1;0.2;0.3;0.7
335;Ja Morant;PG;24;MEM;9;9;35.3;8.9;18.9;0.471;1.6;5.7;0.275;7.3;13.2;0.555;0.512;5.8;7.1;0.813;0.7;4.9;5.6;8.1;0.8;0.6;3;2.1;25.1
336;Marcus Morris;PF;34;PHI;36;7;17;2.4;5.4;0.441;0.9;2.4;0.395;1.4;3;0.477;0.528;0.9;1;0.861;0.5;2.4;2.9;0.7;0.3;0.3;0.5;1.7;6.6
337;Markieff Morris;PF;34;DAL;16;1;9.4;0.9;2.9;0.319;0.6;1.8;0.321;0.4;1.2;0.316;0.415;0.2;0.3;0.75;0.3;1.5;1.8;0.7;0.3;0.1;0.6;0.7;2.6
338;Monte Morris;PG;28;DET;5;0;12;2.2;5.6;0.393;0.4;1.8;0.222;1.8;3.8;0.474;0.429;0.2;0.4;0.5;0;1.6;1.6;1.6;0.2;0.2;0.4;0.2;5
339;Trey Murphy III;SF;23;NOP;24;5;25.9;4.3;10.1;0.428;2.5;7;0.357;1.8;3.1;0.587;0.551;1.6;2.1;0.78;0.5;3.3;3.8;1.8;0.7;0.3;0.6;1.2;12.8
340;Dejounte Murray;SG;27;ATL;48;48;35;8.3;17.7;0.468;2.3;6.2;0.368;6;11.5;0.521;0.532;2.6;3.2;0.836;0.7;4.4;5.1;5.2;1.3;0.3;2.2;1.8;21.5
341;Jamal Murray;PG;26;DEN;36;36;31.8;7.9;16.7;0.47;2.4;5.9;0.399;5.5;10.8;0.509;0.541;2.9;3.4;0.86;0.7;3.3;3.9;6.5;0.8;0.7;1.9;2;21
342;Keegan Murray;SF;23;SAC;44;44;32.9;5.9;12.8;0.465;2.4;6.5;0.365;3.5;6.2;0.571;0.559;1.4;1.8;0.792;1.3;4.1;5.4;1.6;1.2;0.6;0.8;2.6;15.6
343;Kris Murray;SF;23;POR;29;0;12.4;1.2;3.4;0.367;0.5;1.8;0.294;0.7;1.6;0.447;0.444;0.3;0.4;0.667;0.7;1.2;1.8;0.6;0.8;0.2;0.5;0.8;3.3
344;Mike Muscala;C;32;TOT;31;3;13.6;1.4;3.6;0.378;0.7;2.2;0.319;0.6;1.4;0.476;0.477;0.5;0.7;0.727;0.9;2.1;3;0.9;0.2;0.4;0.5;1.3;3.9
344;Mike Muscala;C;32;WAS;24;2;14.1;1.4;3.8;0.367;0.6;2.1;0.275;0.8;1.6;0.487;0.444;0.6;0.8;0.75;0.9;2.2;3.1;0.9;0.2;0.3;0.7;1.3;4
344;Mike Muscala;C;32;DET;7;1;12.1;1.3;3;0.429;1.1;2.6;0.444;0.1;0.4;0.333;0.619;0.1;0.3;0.5;0.7;1.9;2.6;0.9;0.1;0.6;0.1;1.3;3.9
345;Svi Mykhailiuk;SF;26;BOS;21;0;7.7;0.9;2.8;0.328;0.7;2.2;0.298;0.2;0.5;0.455;0.448;0.1;0.3;0.5;0.2;0.6;0.9;0.3;0.3;0;0.3;0.5;2.6
346;Larry Nance Jr.;C;31;NOP;31;0;17.8;2.2;3.9;0.567;0.6;1.3;0.462;1.6;2.6;0.617;0.642;0.8;1;0.8;1.3;3.8;5.1;1.3;1;0.4;0.7;1.2;5.7
347;Pete Nance;PF;23;CLE;2;0;2;0;1;0;0;0;0;0;1;0;0;0;0;0;0;0;0;0;0;0;0;0;0
348;Andrew Nembhard;PG;24;IND;36;15;21.6;3.8;7.9;0.484;0.7;2.2;0.329;3.1;5.7;0.544;0.53;0.8;1;0.8;0.6;1.2;1.8;4.6;0.8;0.1;1.8;2;9.2
349;Aaron Nesmith;SF;24;IND;45;20;26.8;4.5;8.8;0.518;2.1;4.6;0.459;2.4;4.1;0.584;0.64;1.2;1.6;0.716;1;3;3.9;1.4;1;0.7;0.9;3.4;12.4
350;Georges Niang;PF;30;CLE;47;1;22;3.3;7.9;0.425;1.7;4.9;0.351;1.6;2.9;0.551;0.535;0.7;0.8;0.868;0.3;3.4;3.7;1.3;0.2;0.2;0.7;2.3;9.1
351;Daishen Nix;PG;21;MIN;6;0;3.5;0.5;1.3;0.375;0.3;0.8;0.4;0.2;0.5;0.333;0.5;0;0.3;0;0;0.2;0.2;0;0.2;0;0;0;1.3
352;Zeke Nnaji;PF;23;DEN;37;0;9.4;1.1;2.5;0.457;0.1;0.4;0.313;1;2.1;0.487;0.484;0.7;1.1;0.641;1.1;1;2.1;0.5;0.2;0.5;0.6;1.5;3.1
353;Jaylen Nowell;SG;24;MEM;9;1;17.3;2.4;6.1;0.4;0.4;2.6;0.174;2;3.6;0.563;0.436;0.3;0.3;1;0.3;1.2;1.6;1.8;0.3;0;0.6;1.4;5.7
354;Markquis Nowell;SG;24;TOR;1;0;4;0;1;0;0;0;0;0;1;0;0;2;2;1;2;0;2;2;1;0;0;0;2
355;Frank Ntilikina;PG;25;CHO;5;0;8.6;0.2;1.8;0.111;0.2;1.6;0.125;0;0.2;0;0.167;0.4;0.4;1;0.2;1;1.2;0.8;0;0;0.2;0.8;1
356;Jusuf Nurki?;C;29;PHO;46;46;27.3;4.6;8.9;0.511;0.5;1.7;0.266;4.1;7.2;0.569;0.536;2.3;3.2;0.705;2.6;7.7;10.2;3.6;1;1;2.1;3.3;11.9
357;Jordan Nwora;SF;25;TOT;23;0;11.3;2.3;5;0.465;0.8;2.3;0.358;1.5;2.7;0.557;0.548;0.9;1;0.875;0.5;1.5;2;1.1;0.4;0.1;0.7;1.2;6.3
357;Jordan Nwora;SF;25;IND;18;0;10.2;2.1;4.6;0.451;0.6;2;0.306;1.4;2.6;0.565;0.518;0.5;0.6;0.818;0.4;1.4;1.8;1;0.3;0.1;0.7;1.1;5.2
357;Jordan Nwora;SF;25;TOR;5;0;15.6;3.2;6.4;0.5;1.6;3.4;0.471;1.6;3;0.533;0.625;2.4;2.6;0.923;0.8;1.8;2.6;1.4;0.6;0.4;0.6;1.8;10.4
358;Royce O'Neale;SF;30;BRK;47;6;24.3;2.4;6.3;0.387;1.9;5.1;0.364;0.6;1.2;0.491;0.535;0.3;0.4;0.65;0.8;3.7;4.5;2.9;0.7;0.6;1;2.4;7
359;Chuma Okeke;SF;25;ORL;29;8;12.7;1.2;3.3;0.379;0.8;2.4;0.31;0.5;0.8;0.583;0.495;0.1;0.2;0.4;0.6;1.8;2.4;0.6;0.2;0.2;0.4;0.6;3.3
360;Josh Okogie;SG;25;PHO;43;11;18.2;1.6;3.9;0.407;0.5;1.8;0.273;1.1;2.1;0.522;0.47;1.5;2.1;0.719;1.3;1.7;2.9;1.2;0.9;0.5;0.5;1.4;5.1
361;Onyeka Okongwu;C;23;ATL;48;3;25;3.8;6.3;0.603;0.4;1.2;0.321;3.4;5.1;0.668;0.633;1.7;2.1;0.82;2.6;4.3;6.8;1.3;0.5;1;0.8;2.9;9.6
362;Isaac Okoro;SF;23;CLE;38;24;26.3;3.2;6.5;0.492;0.9;2.5;0.372;2.3;4.1;0.565;0.563;1.5;2.2;0.687;1.2;1.9;3.2;1.9;0.9;0.4;0.8;2.1;8.8
363;Kelly Olynyk;C;32;UTA;48;8;20.5;2.9;5.1;0.563;0.7;1.7;0.427;2.2;3.4;0.63;0.634;1.6;1.9;0.843;1.2;3.8;5.1;4.3;0.8;0.3;1.7;2.6;8.1
364;Eugene Omoruyi;SF;26;WAS;19;0;5.8;1.7;2.9;0.582;0.3;0.9;0.294;1.4;2;0.711;0.627;0.8;1.1;0.762;0.6;0.9;1.5;0.6;0.5;0.1;0.5;1.1;4.5
365;Cedi Osman;SF;28;SAS;50;1;18.1;2.7;5.7;0.477;1.2;3.2;0.37;1.5;2.5;0.616;0.582;0.6;1;0.667;0.4;2.1;2.5;1.8;0.5;0.2;0.7;1.6;7.3
366;Kelly Oubre Jr.;SF;28;PHI;36;25;28;5;10.8;0.464;1.5;4.4;0.331;3.5;6.3;0.557;0.532;1.9;2.6;0.745;1;3.2;4.3;1.1;1.2;0.6;0.9;2.8;13.4
367;Chris Paul;PG;38;GSW;32;11;27.6;3.3;7.7;0.424;1.3;3.7;0.361;1.9;3.9;0.484;0.512;1.1;1.3;0.833;0.3;3.5;3.8;7.2;1.1;0.1;1.2;1.8;8.9
368;Cameron Payne;PG;29;MIL;45;2;14.9;2.1;4.6;0.459;1.1;2.8;0.403;1;1.9;0.541;0.579;0.8;0.9;0.875;0.1;1.1;1.2;2.3;0.4;0.1;0.7;1.6;6.2
369;Gary Payton II;SG;31;GSW;16;0;16.3;2.3;4.9;0.456;0.6;2;0.281;1.7;2.9;0.574;0.513;0.4;0.6;0.667;1;2;3;0.8;1.1;0.3;0.6;1.8;5.4
370;Drew Peterson;PF;24;BOS;1;0;3;1;1;1;1;1;1;0;0;0;1.5;0;0;0;0;0;0;1;0;0;0;1;3
371;Filip Petruev;C;23;TOT;3;0;3.3;0.3;0.7;0.5;0;0;0;0.3;0.7;0.5;0.5;0.3;0.7;0.5;0;0.3;0.3;0;0;0;0;0.3;1
371;Filip Petruev;C;23;PHI;1;0;3;0;0;0;0;0;0;0;0;0;0;0;0;0;0;1;1;0;0;0;0;0;0
371;Filip Petruev;C;23;SAC;2;0;3.5;0.5;1;0.5;0;0;0;0.5;1;0.5;0.5;0.5;1;0.5;0;0;0;0;0;0;0;0.5;1.5
372;Julian Phillips;SF;20;CHI;26;0;6.4;0.7;1.5;0.425;0.2;0.8;0.227;0.5;0.7;0.667;0.488;0.2;0.4;0.545;0.2;0.4;0.6;0.3;0;0.2;0.2;1;1.7
373;Jalen Pickett;SG;24;DEN;16;0;6.1;0.8;1.8;0.429;0.4;1.3;0.35;0.3;0.5;0.625;0.554;0.1;0.1;1;0.1;0.6;0.7;0.8;0.2;0;0.4;0.5;2.1
374;Scotty Pippen Jr.;PG;23;MEM;5;2;20.2;2.8;6.2;0.452;1.2;2.4;0.5;1.6;3.8;0.421;0.548;2;2.8;0.714;0.8;2.4;3.2;4;1.2;0.4;2.2;2;8.8
375;Mason Plumlee;C;33;LAC;17;8;18;2.5;3.8;0.656;0;0;0;2.5;3.8;0.656;0.656;1.5;2.5;0.619;1.6;4.2;5.8;1.2;0.4;0.4;0.6;1.5;6.5
376;Brandin Podziemski;SG;20;GSW;40;11;25.5;3.8;8.1;0.467;1.2;3.3;0.369;2.6;4.8;0.534;0.542;0.7;1.1;0.622;1.5;4.1;5.6;3.6;0.9;0.2;1.2;1.9;9.5
377;Jakob Poeltl;C;28;TOR;37;37;26.4;4.7;6.8;0.684;0;0;0;4.7;6.8;0.684;0.684;1.1;2.1;0.532;2.7;5.5;8.2;2.4;0.6;1.4;1.6;3;10.5
378;Aleksej Pokusevski;PF;22;OKC;9;0;6.1;0.4;1.7;0.267;0.2;1.1;0.2;0.2;0.6;0.4;0.333;0.2;0.4;0.5;0.2;0.9;1.1;0.6;0.1;0.1;0.3;0.6;1.3
379;Jordan Poole;SG;24;WAS;46;46;29.3;5.9;14.4;0.41;2;6.4;0.304;4;8;0.495;0.477;2.7;3.1;0.866;0.4;1.9;2.2;3.5;1;0.4;2.2;3;16.5
380;Craig Porter Jr.;PG;23;CLE;30;5;15.4;2.8;5.5;0.512;0.2;0.7;0.333;2.6;4.8;0.538;0.534;1.1;1.5;0.696;0.5;2.1;2.6;3;0.6;0.4;1.1;1;6.9
381;Jontay Porter;PF;24;TOR;14;5;14.3;1.6;4.4;0.361;0.8;2.4;0.333;0.8;2;0.393;0.451;0.8;0.9;0.917;1.1;2.4;3.5;2.1;0.8;0.8;0.6;1.8;4.7
382;Michael Porter Jr.;SF;25;DEN;50;50;31.6;6.1;12.9;0.472;2.7;6.9;0.394;3.4;6.1;0.561;0.577;0.9;1.2;0.77;1.3;5.7;7;1.3;0.5;0.7;1;2;15.8
383;Otto Porter Jr.;SF;30;TOR;15;1;11.6;0.9;2.2;0.424;0.5;1.5;0.348;0.4;0.7;0.6;0.545;0.2;0.2;1;0.4;1.5;1.9;0.5;0.3;0.3;0.1;1.3;2.6
384;Bobby Portis;PF;28;MIL;49;0;23.4;4.9;9.9;0.498;1.1;2.9;0.371;3.9;7;0.551;0.552;1.3;1.7;0.776;1.6;5.3;6.9;1;0.7;0.4;0.9;2.5;12.3
385;Kristaps Porzi??is;C;28;BOS;35;35;29.7;6.5;12.4;0.52;1.8;5.1;0.35;4.7;7.3;0.639;0.592;4.7;5.5;0.84;1.7;5.2;6.9;2;0.7;1.9;1.7;2.9;19.4
386;Micah Potter;PF;25;UTA;2;0;3.5;0;0.5;0;0;0.5;0;0;0;0;0;0;0;0;0;2;2;0;0;0;0;0;0
387;Dwight Powell;C;32;DAL;42;8;15.7;1.5;2.1;0.713;0;0;0.5;1.5;2;0.718;0.718;1.4;1.9;0.734;1.8;2.1;3.9;1.7;0.5;0.4;0.6;2.1;4.4
388;Norman Powell;SG;30;LAC;47;0;25.4;4.7;9.6;0.496;2.1;4.6;0.452;2.7;5;0.536;0.604;1.9;2.3;0.849;0.2;2.5;2.7;1.1;0.5;0.4;0.9;1.9;13.5
389;Joshua Primo;SG;21;LAC;1;0;5;1;2;0.5;0;1;0;1;1;1;0.5;0;0;0;0;0;0;0;0;1;3;0;2
390;Taurean Prince;PF;29;LAL;48;47;30.5;3.5;8.1;0.432;2.1;5.3;0.388;1.4;2.8;0.515;0.559;0.6;0.8;0.75;0.2;2.7;2.9;1.8;0.9;0.5;0.9;2.3;9.7
391;Payton Pritchard;PG;26;BOS;49;0;21;2.8;6.6;0.424;1.7;4.4;0.378;1.1;2.2;0.519;0.551;0.6;0.7;0.794;0.9;2.2;3.1;2.9;0.4;0.1;0.6;1.3;7.8
392;Olivier-Maxence Prosper;PF;21;DAL;25;0;9.6;0.9;2.6;0.354;0.3;1.3;0.25;0.6;1.3;0.455;0.415;0.9;1.4;0.676;0.6;1.6;2.2;0.8;0.1;0.1;0.2;0.7;3.1
393;Trevelin Queen;SG;26;ORL;12;0;12.9;1.2;3;0.389;0.3;1.3;0.188;0.9;1.7;0.55;0.431;0.8;1;0.75;0.3;1.3;1.5;1.5;0.6;0.4;0.6;1.2;3.3
394;Neemias Queta;C;24;BOS;21;0;12.4;2;3.3;0.586;0;0;0;2;3.3;0.586;0.586;0.7;1;0.75;1.8;2.5;4.3;0.5;0.3;0.7;0.4;2;4.6
395;Immanuel Quickley;SG-PG;24;TOT;43;13;26.3;5.3;12;0.44;2.4;5.7;0.416;2.9;6.3;0.461;0.539;2.8;3.3;0.858;0.2;2.9;3.1;3.6;0.6;0.1;1.1;1.6;15.7
395;Immanuel Quickley;SG;24;NYK;30;0;24;5.1;11.2;0.454;2.1;5.4;0.395;2.9;5.8;0.509;0.549;2.7;3.1;0.872;0.2;2.4;2.6;2.5;0.5;0.1;1;1.5;15
395;Immanuel Quickley;PG;24;TOR;13;13;31.7;5.7;13.8;0.413;2.9;6.4;0.458;2.8;7.4;0.375;0.52;3;3.6;0.83;0.3;4;4.3;6.1;0.7;0.2;1.3;2;17.3
396;Lester Quinones;SG;23;GSW;12;0;9.2;1.6;3.5;0.452;1;2.3;0.444;0.6;1.3;0.467;0.595;0.3;0.5;0.667;0.8;1.2;1.9;0.5;0.1;0.1;0.7;1.1;4.5
397;Julius Randle;PF;29;NYK;46;46;35.4;8.6;18.2;0.472;1.7;5.3;0.311;6.9;12.9;0.539;0.518;5.1;6.6;0.781;2.2;7;9.2;5;0.5;0.3;3.5;2.7;24
398;Duop Reath;C;27;POR;37;11;17.7;3.4;7;0.479;1.4;3.6;0.383;2;3.4;0.579;0.577;1;1.4;0.76;1.4;2.5;3.9;1.2;0.5;0.5;0.8;2.5;9.1
399;Austin Reaves;SG;25;LAL;51;26;30.8;5.4;11.1;0.488;1.7;4.7;0.363;3.7;6.4;0.58;0.565;3.2;3.7;0.861;0.7;3.2;4;5.2;0.9;0.2;2.1;1.8;15.6
400;Cam Reddish;SF;24;LAL;35;26;23.3;2.4;5.9;0.405;0.9;2.7;0.337;1.5;3.1;0.464;0.483;1;1.3;0.783;0.5;1.9;2.4;1.3;1.2;0.3;0.9;1.6;6.7
401;Paul Reed;C;24;PHI;48;12;16.2;2.7;4.9;0.545;0.2;0.6;0.37;2.5;4.3;0.567;0.566;0.6;0.8;0.711;2;3;5;1.2;0.7;0.7;0.8;2.3;6.1
402;Naz Reid;C;24;MIN;49;0;22.4;4.6;9.4;0.49;2;4.7;0.417;2.7;4.8;0.562;0.594;1.1;1.4;0.754;0.9;3.7;4.6;1.1;0.7;0.7;1.3;2;12.3
403;Jared Rhoden;SG;24;DET;5;0;6;1;1.8;0.556;0.2;0.8;0.25;0.8;1;0.8;0.611;0.4;0.4;1;0.2;0.6;0.8;0.6;0;0;0.4;0.8;2.6
404;Nick Richards;C;26;CHO;38;25;25.3;3.7;5.4;0.686;0;0;0;3.7;5.4;0.686;0.686;2.2;2.9;0.739;2.7;5.2;7.8;0.8;0.3;1.4;0.9;2.7;9.5
405;Josh Richardson;SG;30;MIA;39;5;25.9;3.6;8.2;0.44;1.5;4.4;0.347;2.1;3.7;0.552;0.535;1.2;1.3;0.94;0.4;2.4;2.8;2.5;0.6;0.4;0.9;1.7;9.9
406;Duncan Robinson;SF;29;MIA;45;17;27.5;4.6;10.1;0.452;2.8;6.8;0.404;1.8;3.3;0.55;0.588;1.3;1.5;0.879;0.2;2.2;2.5;2.8;0.6;0.2;1.4;2.3;13.2
407;Jerome Robinson;SG;26;GSW;8;0;3.5;0;1.1;0;0;0.6;0;0;0.5;0;0;0.5;0.8;0.667;0.1;0.3;0.4;0.3;0;0.1;0;0.1;0.5
408;Mitchell Robinson;C;25;NYK;21;21;29.2;2.8;4.7;0.592;0;0;0;2.8;4.7;0.592;0.592;0.7;1.8;0.368;5.3;5;10.3;0.7;1.5;1.3;1;1.9;6.2
409;Orlando Robinson;C;23;MIA;20;7;11.5;1.6;3;0.517;0.4;0.6;0.583;1.2;2.4;0.5;0.575;0.7;1;0.7;1;2.2;3.1;1.4;0.3;0.4;0.7;1.5;4.2
410;Jeremiah Robinson-Earl;PF;23;NOP;19;1;10.8;1.6;3;0.526;0.4;1.1;0.381;1.2;1.9;0.611;0.596;0.5;0.6;0.909;0.7;1.8;2.5;0.5;0.4;0.2;0.5;0.7;4.1
411;David Roddy;PF;22;MEM;46;12;23;3.1;7.8;0.398;1;3.2;0.301;2.2;4.6;0.465;0.46;1;1.3;0.71;1.1;3;4.1;1.6;0.5;0.2;1;1.5;8.1
412;Ryan Rollins;PG;21;WAS;10;0;6.6;1.3;2.5;0.52;0.2;0.3;0.667;1.1;2.2;0.5;0.56;1.3;1.7;0.765;0.2;0.9;1.1;1.1;0.8;0.3;0.7;0.7;4.1
413;Derrick Rose;PG;35;MEM;18;7;17.8;3.4;7.6;0.445;0.7;2;0.333;2.7;5.6;0.485;0.489;1.1;1.2;0.909;0.4;1.3;1.7;3.4;0.4;0.1;1.2;1.1;8.6
414;Terry Rozier;SG-PG;29;TOT;36;35;34.5;7.6;17.1;0.442;2.5;7.2;0.347;5.1;9.9;0.511;0.515;3.5;4;0.862;0.6;3.4;4;6.4;1;0.4;2;1.8;21.1
414;Terry Rozier;SG;29;CHO;30;30;35.5;8.4;18.3;0.459;2.8;7.7;0.358;5.6;10.6;0.533;0.535;3.6;4.3;0.845;0.6;3.3;3.9;6.6;1.1;0.4;2.2;1.7;23.2
414;Terry Rozier;PG;29;MIA;6;5;29.7;3.5;11.3;0.309;1.2;4.5;0.259;2.3;6.8;0.341;0.36;2.7;2.7;1;0.8;3.5;4.3;5.5;0.8;0.3;1.2;1.8;10.8
415;Rayan Rupert;SG;19;POR;16;0;7.4;0.9;2.7;0.349;0.4;1.1;0.412;0.5;1.6;0.308;0.43;0.3;0.5;0.625;0.4;0.9;1.3;0.7;0.2;0;0.4;0.4;2.6
416;D'Angelo Russell;PG;27;LAL;47;40;30.8;6.3;13.5;0.465;2.6;6.2;0.416;3.7;7.3;0.506;0.56;1.9;2.4;0.795;0.4;2.3;2.7;6.2;0.8;0.5;1.9;2;17
417;Matt Ryan;SF;26;NOP;13;1;22.9;2.9;6.4;0.458;2.5;5.2;0.471;0.5;1.2;0.4;0.651;1;1.1;0.929;0.4;1.9;2.3;1.1;0.4;0.1;1.2;1.8;9.3
418;Domantas Sabonis;C;27;SAC;48;48;35.5;8;12.9;0.619;0.5;1.1;0.434;7.5;11.8;0.636;0.637;3.4;5;0.689;3.2;9.8;13;8;0.8;0.5;3.4;3.2;19.9
419;Luka amani?;PF;24;UTA;22;0;6.1;1;2.6;0.386;0.2;1;0.238;0.8;1.6;0.472;0.43;0.6;0.8;0.824;0.3;1.5;1.8;0.2;0;0.1;0.4;0.6;2.9
420;Jermaine Samuels;SF;25;HOU;10;0;4.9;0.6;0.9;0.667;0;0.2;0;0.6;0.7;0.857;0.667;0.2;0.2;1;0.2;0.8;1;0.2;0.1;0.1;0;0.4;1.4
421;Adama Sanogo;PF;21;CHI;3;0;3.7;1;1;1;0;0;0;1;1;1;1;0.7;1;0.667;0.7;1.3;2;0;0;0;0.3;0;2.7
422;Gui Santos;PF;21;GSW;8;0;7.6;0.8;1.9;0.4;0.1;1;0.125;0.6;0.9;0.714;0.433;1;1;1;0.9;1.1;2;0.6;0;0;0.4;1.1;2.6
423;Dario ari?;C;29;GSW;44;9;20.5;3.5;7.4;0.481;1.5;3.8;0.412;2;3.6;0.553;0.586;1.6;1.9;0.854;1.4;4;5.5;2.6;0.6;0.2;1.3;2.2;10.2
424;Olivier Sarr;C;24;OKC;11;0;7.4;0.6;1.3;0.5;0.2;0.5;0.333;0.5;0.7;0.625;0.571;0.6;0.9;0.7;0.7;2.1;2.8;0.2;0;0.5;0.3;1.5;2.1
425;Marcus Sasser;PG;23;DET;43;0;15.5;2.8;5.9;0.484;1.1;2.6;0.429;1.7;3.3;0.529;0.579;0.7;0.7;0.906;0.1;1.4;1.5;2.7;0.5;0.2;0.9;1.3;7.5
426;Admiral Schofield;PF;26;ORL;12;0;3.8;0.4;1.3;0.333;0.2;0.8;0.222;0.3;0.5;0.5;0.4;0;0.2;0;0.1;0.5;0.6;0.3;0;0;0.3;0.6;1
427;Dennis Schröder;PG;30;TOR;48;33;30.8;5;11;0.449;1.5;4.3;0.345;3.5;6.8;0.515;0.516;2.4;2.8;0.853;0.4;2.3;2.7;6.2;0.9;0.1;1.6;2.1;13.8
428;Dereon Seabron;SG;23;NOP;5;0;10.4;0.8;2.6;0.308;0.2;0.4;0.5;0.6;2.2;0.273;0.346;1;1.2;0.833;0.2;1.2;1.4;0.8;0.4;0.2;0;0.8;2.8
429;Alperen Þengün;C;21;HOU;48;48;32.6;8.6;15.9;0.544;0.6;2;0.284;8.1;13.9;0.581;0.562;3.9;5.4;0.724;2.7;6.6;9.3;5.1;1.2;0.7;2.6;3.3;21.7
430;Brice Sensabaugh;SF;20;UTA;4;0;3;0.5;1.5;0.333;0.3;0.5;0.5;0.3;1;0.25;0.417;0;0;0;0.3;0.5;0.8;0.5;0;0;0;0.3;1.3
431;Collin Sexton;SG;25;UTA;50;27;24.3;6;12.3;0.485;1.5;3.9;0.383;4.5;8.4;0.533;0.546;4.1;4.6;0.879;0.9;1.7;2.6;4.5;0.7;0.2;1.8;2;17.5
432;Landry Shamet;SG;26;WAS;31;0;14.9;2.7;6.1;0.444;1.3;3.4;0.375;1.5;2.7;0.529;0.548;1;1.3;0.795;0.3;1;1.3;1.4;0.5;0.2;0.6;1.7;7.7
433;Day'Ron Sharpe;C;22;BRK;37;1;16;3;5.2;0.575;0;0.2;0.143;3;5;0.591;0.578;1.5;2.4;0.614;2.8;4.2;7;1.4;0.5;0.9;1;2.3;7.5
434;Shaedon Sharpe;SG;20;POR;32;25;33.1;5.5;13.6;0.406;1.9;5.6;0.333;3.6;7.9;0.457;0.475;3.1;3.7;0.824;1.3;3.7;5;2.9;0.9;0.4;2.3;2.8;15.9
435;Ben Sheppard;SG;22;IND;28;0;11;1.1;3.1;0.36;0.6;2;0.281;0.5;1;0.517;0.453;0.4;0.5;0.786;0.3;1.1;1.4;0.9;0.5;0;0.2;1.4;3.2
436;Pascal Siakam;PF;29;TOT;48;48;34.4;8.4;15.9;0.529;1.1;3.4;0.327;7.3;12.5;0.585;0.565;4;5.4;0.744;1.6;4.9;6.5;4.9;0.8;0.2;2.1;2.5;22
436;Pascal Siakam;PF;29;TOR;39;39;34.7;8.3;16;0.522;1.2;3.7;0.317;7.2;12.3;0.584;0.559;4.3;5.7;0.758;1.4;4.9;6.3;4.9;0.8;0.3;2.1;2.2;22.2
436;Pascal Siakam;PF;29;IND;9;9;33.1;8.9;15.8;0.563;0.9;2.2;0.4;8;13.6;0.59;0.592;2.6;3.9;0.657;2.4;4.8;7.2;4.8;0.8;0.1;2.2;3.4;21.2
437;Ben Simmons;PG;27;BRK;8;6;27.9;3;5.1;0.585;0;0;0;3;5.1;0.585;0.585;0.1;0.5;0.25;2.8;7.5;10.3;7;0.5;0.8;2;2.9;6.1
438;Anfernee Simons;SG;24;POR;27;27;33.7;8.1;18.3;0.44;3.4;8.7;0.387;4.7;9.6;0.488;0.532;3.6;4;0.898;0.6;2.9;3.5;5.1;0.5;0.1;2.5;2.1;23.1
439;Jericho Sims;C;25;NYK;26;7;9.3;0.8;1;0.741;0;0;0;0.8;1;0.741;0.741;0.2;0.3;0.571;0.8;1.4;2.2;0.3;0.1;0.4;0.3;0.8;1.7
440;Dmytro Skapintsev;C;25;NYK;2;0;1;0;0.5;0;0;0;0;0;0.5;0;0;0;0;0;0;0;0;0;0;0;0;0;0
441;Jalen Slawson;SF;24;SAC;5;0;3.8;0.4;0.6;0.667;0;0.2;0;0.4;0.4;1;0.667;0;0;0;0;0.8;0.8;0.4;0;0.2;0.4;0.6;0.8
442;Javonte Smart;PG;24;PHI;1;0;1;0;0;0;0;0;0;0;0;0;0;0;0;0;0;0;0;0;0;0;0;0;0
443;Marcus Smart;PG;29;MEM;20;20;30.3;5.1;11.9;0.43;2.1;6.7;0.313;3;5.2;0.583;0.519;2.2;2.8;0.768;0.3;2.4;2.7;4.3;2.1;0.3;3.1;2.7;14.5
444;Dennis Smith Jr.;PG;26;BRK;32;1;19.6;2.9;6.6;0.434;0.5;1.9;0.267;2.4;4.8;0.5;0.472;0.9;1.1;0.806;1;2.3;3.3;4;1.2;0.2;1.2;2.4;7.2
445;Dru Smith;SG;26;MIA;9;0;14.6;1.7;3.7;0.455;0.8;1.9;0.412;0.9;1.8;0.5;0.561;0.2;0.2;1;0.7;0.9;1.6;1.6;1;0.3;0.6;1.3;4.3
446;Ish Smith;PG;35;CHO;40;3;16.6;1.5;3.5;0.433;0.1;0.2;0.429;1.5;3.4;0.433;0.443;0.1;0.1;0.75;0.3;1.5;1.7;3.3;0.4;0.1;1.1;1.1;3.2
447;Jabari Smith Jr.;PF;20;HOU;43;43;31.4;5;10.5;0.471;1.7;4.5;0.375;3.3;6;0.542;0.551;1.8;2.2;0.811;1.9;6.5;8.4;1.5;0.6;0.7;1.2;2.8;13.4
448;Jalen Smith;C;23;IND;35;13;18.3;4.2;6.6;0.629;1.1;2.4;0.476;3;4.2;0.716;0.716;1.3;1.8;0.698;1.6;4.1;5.7;1.1;0.3;0.6;0.9;2.3;10.7
449;Nick Smith Jr.;SG;19;CHO;32;0;15.3;2.5;5.9;0.426;1.4;2.9;0.479;1.1;2.9;0.372;0.545;0.1;0.2;0.8;0.5;1;1.5;1.1;0.2;0.2;0.9;1.2;6.5
450;Terquavion Smith;PG;21;PHI;6;0;5.5;1.5;3.3;0.45;1.3;2.7;0.5;0.2;0.7;0.25;0.65;0.3;0.5;0.667;0;0;0;1.2;0.7;0;0.3;0.5;4.7
451;Jeremy Sochan;PF;20;SAS;50;49;29.5;4.5;10.2;0.439;1;2.9;0.35;3.5;7.3;0.474;0.488;1.6;2;0.775;1.9;4.3;6.2;3.7;0.7;0.5;2;2.4;11.5
452;Jaden Springer;SG;21;PHI;30;0;11.1;1.3;3.4;0.392;0.3;1.1;0.25;1.1;2.3;0.457;0.431;0.8;1;0.8;0.7;0.9;1.6;1;0.7;0.3;0.8;1.5;3.7
453;Lamar Stevens;PF;26;BOS;18;1;6.4;1.1;2.3;0.463;0.1;0.4;0.286;0.9;1.9;0.5;0.488;0.4;0.6;0.727;0.6;1;1.6;0.4;0.3;0.3;0.5;0.7;2.7
454;Isaiah Stewart;PF;22;DET;35;34;30.6;4.1;8.6;0.47;1.4;3.7;0.374;2.7;4.9;0.544;0.551;1.5;2;0.746;1.8;5;6.8;1.7;0.4;0.8;1.5;2.5;11
455;Julian Strawther;SF;21;DEN;33;0;13.9;2.2;5.6;0.384;1.1;3.5;0.322;1;2.1;0.486;0.484;0.5;0.7;0.696;0.1;1.4;1.5;1.1;0.5;0.2;0.5;1.4;5.9
456;Max Strus;SF;27;CLE;47;47;32.9;4.4;11.1;0.4;2.5;7.4;0.335;2;3.7;0.528;0.511;1.1;1.3;0.806;0.8;4.2;5;3.7;0.9;0.5;1.6;2.7;12.4
457;Jalen Suggs;SG;22;ORL;45;45;26.7;4.4;9.9;0.446;2;5.2;0.386;2.4;4.6;0.514;0.548;1.6;2;0.772;0.7;2.6;3.3;2.4;1.4;0.6;1.9;2.8;12.4
458;Cole Swider;SF;24;MIA;9;0;4.9;1;2.3;0.429;0.6;1.7;0.333;0.4;0.7;0.667;0.548;0;0;0;0.1;0.1;0.2;0.3;0.1;0.1;0.3;0.2;2.6
459;Jae'Sean Tate;SF;28;HOU;45;9;18.1;1.8;3.9;0.477;0.4;1.4;0.292;1.4;2.4;0.587;0.532;0.4;0.6;0.714;1;2.3;3.3;1.1;0.7;0.2;0.4;2.4;4.6
460;Jayson Tatum;PF;25;BOS;46;46;35.9;9.1;19.2;0.471;3;8.2;0.367;6;11;0.549;0.55;5.7;7;0.814;0.9;7.5;8.4;4.4;1;0.6;2.6;2.1;26.8
461;Terry Taylor;PF;24;CHI;18;0;7.3;0.8;1.6;0.536;0.1;0.4;0.143;0.8;1.2;0.667;0.554;0.1;0.1;1;0.8;0.7;1.5;0.3;0.2;0.1;0.4;0.7;1.8
462;Garrett Temple;SG;37;TOR;14;0;3.9;0.4;1.2;0.353;0.1;0.5;0.286;0.3;0.7;0.4;0.412;0.3;0.3;1;0.3;0.4;0.7;0.4;0.1;0;0.2;0.3;1.3
463;Dalen Terry;SG;21;CHI;32;1;9.7;0.8;2.1;0.373;0.3;1.2;0.211;0.5;0.9;0.586;0.433;0.5;0.7;0.727;0.3;1.3;1.6;1.2;0.3;0.3;0.5;1.2;2.3
464;Daniel Theis;C;31;TOT;37;1;17.3;2.6;4.9;0.536;0.4;1;0.395;2.2;3.9;0.573;0.577;0.8;1.1;0.707;1.5;2.1;3.6;1;0.5;0.9;0.7;2.4;6.4
464;Daniel Theis;C;31;IND;1;0;8;1;4;0.25;0;1;0;1;3;0.333;0.25;0;0;0;0;0;0;0;0;0;0;1;2
464;Daniel Theis;C;31;LAC;36;1;17.6;2.7;4.9;0.542;0.4;1;0.405;2.3;3.9;0.579;0.585;0.8;1.1;0.707;1.6;2.2;3.7;1.1;0.5;0.9;0.7;2.4;6.6
465;Cam Thomas;SG;22;BRK;39;24;29.2;7.8;17.3;0.453;2;5.5;0.363;5.8;11.8;0.495;0.51;4;4.8;0.829;0.3;2.4;2.7;2.4;0.6;0.3;1.8;2;21.7
466;Amen Thompson;SF;21;HOU;29;1;16.6;2.6;5.3;0.497;0.2;1.2;0.171;2.4;4.1;0.593;0.516;1.3;1.9;0.696;1.1;3.3;4.4;2.2;1.1;0.4;1.3;2.1;6.8
467;Ausar Thompson;SF;21;DET;48;24;23.5;3.4;7.1;0.469;0.2;1.6;0.143;3.1;5.5;0.564;0.485;1.2;1.8;0.644;2.1;4.4;6.6;1.9;0.9;0.9;1.3;2.8;8.1
468;Klay Thompson;SF;33;GSW;44;44;30.9;6.1;14.6;0.415;3.3;8.9;0.374;2.7;5.7;0.478;0.529;1.8;2;0.91;0.5;2.9;3.4;2.3;0.6;0.5;1.6;1.9;17.3
469;Tristan Thompson;PF;32;CLE;36;0;12.4;1.7;2.6;0.649;0;0;0;1.7;2.6;0.656;0.649;0.4;1.2;0.31;1.6;2.3;3.9;1.1;0.2;0.3;0.6;1.4;3.8
470;JT Thor;PF;21;CHO;39;1;13.8;1.3;3.5;0.365;0.5;1.5;0.317;0.8;2;0.403;0.434;0.2;0.3;0.538;1;1.6;2.6;0.4;0.2;0.4;0.3;1;3.2
471;Matisse Thybulle;SF;26;POR;47;15;22.7;2;4.7;0.414;1.4;3.7;0.364;0.6;1;0.609;0.559;0.3;0.3;0.813;0.4;1.5;2;1.1;1.5;0.8;0.6;1.4;5.6
472;Xavier Tillman Sr.;C;25;MEM;34;13;20.6;2.6;6.3;0.408;0.4;1.6;0.226;2.2;4.7;0.469;0.437;0.5;1.3;0.419;1.6;3;4.6;1.7;1.2;1;0.9;1.8;6
473;Jacob Toppin;SF;23;NYK;3;0;1.3;0;0;0;0;0;0;0;0;0;0;0;0;0;0;0;0;0.3;0;0.3;0;0;0
474;Obi Toppin;PF;25;IND;50;28;23;4.4;7.8;0.567;1.3;3.2;0.394;3.1;4.6;0.689;0.648;1.1;1.4;0.761;1.1;2.9;4;1.6;0.5;0.5;0.8;2;11.1
475;Juan Toscano-Anderson;SF;30;SAC;11;0;4.8;0.3;1.1;0.25;0.1;0.4;0.25;0.2;0.7;0.25;0.292;0;0;0;0.4;0.9;1.3;0.4;0.1;0.1;0.2;1;0.6
476;Karl-Anthony Towns;PF;28;MIN;48;48;33.3;8.1;15.7;0.52;2.2;5;0.438;5.9;10.6;0.559;0.59;4.2;4.8;0.873;1.4;7.2;8.6;3.1;0.7;0.6;2.9;3.3;22.7
477;Gary Trent Jr.;SG;25;TOR;43;13;26.1;4.4;10.3;0.431;2.4;5.8;0.423;2;4.5;0.441;0.55;0.7;1;0.651;0.3;1.9;2.2;1.5;0.8;0.1;0.7;1.3;12
478;Oscar Tshiebwe;PF;24;IND;6;0;5.7;1.3;2.7;0.5;0;0;0;1.3;2.7;0.5;0.5;0.8;1;0.833;1;1;2;0.3;0.3;0;0;0.2;3.5
479;P.J. Tucker;PF;38;TOT;15;3;15.9;0.4;1.3;0.316;0.3;1.1;0.313;0.1;0.2;0.333;0.447;0.2;0.2;1;1.1;1.8;2.9;0.5;0.6;0.2;0.3;2.3;1.3
479;P.J. Tucker;PF;38;PHI;3;3;22;0.7;1.7;0.4;0.7;1.7;0.4;0;0;0;0.6;0;0;0;0.3;4.3;4.7;0;1;0.7;0.7;3;2
479;P.J. Tucker;PF;38;LAC;12;0;14.4;0.3;1.2;0.286;0.3;0.9;0.273;0.1;0.3;0.333;0.393;0.3;0.3;1;1.3;1.2;2.4;0.7;0.5;0.1;0.2;2.2;1.2
480;Myles Turner;C;27;IND;47;47;27.3;6.1;11.8;0.518;1.4;4;0.337;4.8;7.8;0.612;0.576;3.3;4.3;0.785;1.7;5.3;6.9;1.3;0.5;1.8;1.5;3.2;17
481;Hunter Tyson;PF;23;DEN;9;0;3;0.1;0.8;0.143;0;0.7;0;0.1;0.1;1;0.143;0;0;0;0;0.7;0.7;0.1;0;0;0.2;0.7;0.2
482;Stanley Umude;SG;24;DET;15;0;10.3;1.3;2.9;0.455;0.9;1.8;0.519;0.4;1.1;0.353;0.614;1.4;1.5;0.913;0.2;1.7;1.9;0.5;0.3;0.3;0.7;1.6;5
483;Jonas Valan?i?nas;C;31;NOP;49;49;26.3;5.6;9.8;0.573;0.6;1.8;0.345;5;8;0.624;0.605;2.4;3;0.791;2.6;7;9.7;2.4;0.5;1.1;1.4;3;14.2
484;Jarred Vanderbilt;PF;24;LAL;29;6;20;2;3.9;0.518;0.3;0.9;0.296;1.8;3;0.586;0.553;0.8;1.2;0.667;1.4;3.3;4.8;1.2;1.2;0.2;1;1.5;5.2
485;Fred VanVleet;PG;29;HOU;46;46;36.8;5.5;13.5;0.41;2.9;7.7;0.375;2.7;5.8;0.457;0.517;2.6;3.1;0.858;0.4;3.4;3.8;8.3;1.1;0.9;1.6;2.3;16.6
486;Devin Vassell;SG;23;SAS;45;39;31.6;6.8;14.6;0.467;2.5;6.8;0.366;4.4;7.8;0.555;0.552;2.5;3.1;0.801;0.4;3.3;3.6;3.6;1.1;0.3;1.4;1;18.7
487;Sasha Vezenkov;PF;28;SAC;33;0;12.7;2.2;4.8;0.456;1.1;2.9;0.375;1.1;1.9;0.581;0.57;0.2;0.3;0.7;0.9;1.7;2.6;0.4;0.5;0.2;0.3;0.9;5.7
488;Gabe Vincent;PG;27;LAL;5;0;25.4;2.4;6.4;0.375;0.4;3.4;0.118;2;3;0.667;0.406;0.2;0.4;0.5;0.4;0.6;1;3;1.2;0;0.4;2.4;5.4
489;Nikola Vu?evi?;C;33;CHI;45;43;33.9;7.4;15.5;0.475;1.1;4;0.269;6.3;11.4;0.548;0.51;1.3;1.5;0.868;2.6;8;10.6;3.5;0.7;0.8;1.5;2.5;17.1
490;Dean Wade;PF;27;CLE;40;30;21.8;1.9;4.5;0.411;1.5;3.9;0.394;0.3;0.6;0.52;0.581;0.4;0.5;0.789;0.8;3.6;4.4;0.9;0.9;0.4;0.5;2;5.6
491;Franz Wagner;SF;22;ORL;41;41;33;7.5;16.1;0.465;1.5;5;0.305;6;11.1;0.536;0.512;3.9;4.5;0.854;1.1;4.6;5.7;4;1.1;0.3;2;2.4;20.3
492;Moritz Wagner;C;26;ORL;47;1;18.8;4.3;7.4;0.583;0.5;1.6;0.329;3.8;5.8;0.654;0.619;2.3;2.9;0.793;1.6;3.1;4.6;1.2;0.5;0.3;1.1;2.2;11.4
493;Ish Wainright;SF;29;POR;7;0;6.6;0.9;2.6;0.333;0.9;2.3;0.375;0;0.3;0;0.5;0.3;0.3;1;0;1.3;1.3;0;0.3;0.1;0.1;0.6;2.9
494;Jabari Walker;SF;21;POR;45;11;21.4;3;6.4;0.476;0.6;2;0.295;2.4;4.4;0.556;0.521;1.8;2.4;0.755;1.9;4.4;6.4;0.8;0.6;0.4;1;2.3;8.4
495;Jarace Walker;PF;20;IND;16;0;10.7;1.8;4.1;0.431;0.8;1.9;0.387;1;2.1;0.471;0.523;0.4;0.4;0.857;0.5;1.3;1.8;1.3;0.6;0.4;0.6;1;4.6
496;Lonnie Walker IV;SG;25;BRK;30;0;19.3;4.5;9.5;0.475;2.2;5.1;0.435;2.3;4.3;0.523;0.593;1.1;1.4;0.767;0.3;1.9;2.2;1.6;0.7;0.3;1.1;1.3;12.3
497;Cason Wallace;SG;20;OKC;49;8;21.1;2.6;5.1;0.514;1.1;2.7;0.423;1.5;2.5;0.612;0.624;0.4;0.5;0.833;0.6;1.7;2.3;1.4;0.7;0.4;0.5;1.8;6.8
498;Jordan Walsh;SF;19;BOS;2;0;3;0;0.5;0;0;0.5;0;0;0;0;0;0;0;0;0;2.5;2.5;0.5;0;0;0;0;0
499;P.J. Washington;PF;25;CHO;41;17;29;5.1;11.4;0.449;1.9;5.6;0.338;3.2;5.9;0.554;0.531;1.5;2;0.741;1.2;3.9;5.1;2.2;0.9;0.8;1.6;2.6;13.6
500;TyTy Washington Jr.;PG;22;MIL;2;0;3;0.5;1.5;0.333;0.5;1;0.5;0;0.5;0;0.5;0;0;0;0;0.5;0.5;0;0.5;0;1;0;1.5
501;Yuta Watanabe;SF;29;PHO;27;0;13.9;1.2;3.4;0.344;0.9;2.7;0.315;0.3;0.7;0.45;0.468;0.4;0.6;0.667;0.4;1.3;1.7;0.4;0.3;0.3;0.6;1.3;3.6
502;Lindy Waters III;SG;26;OKC;19;0;7.8;1;2.4;0.422;0.9;2.2;0.405;0.1;0.2;0.667;0.611;0;0;0;0.1;1;1.1;0.6;0;0.2;0.2;0.7;2.9
503;Trendon Watford;PF;23;BRK;34;0;11.7;2.3;4.2;0.545;0.3;0.9;0.367;2;3.3;0.593;0.584;0.7;0.9;0.828;0.9;1.9;2.7;1.5;0.4;0.2;0.7;1.6;5.6
504;Peyton Watson;SF;21;DEN;48;3;17.9;2.6;5.6;0.474;0.7;2.1;0.33;2;3.5;0.56;0.535;1;1.4;0.696;0.6;2.2;2.8;1;0.5;0.9;0.6;1.8;7
505;Victor Wembanyama;C;20;SAS;44;44;28.6;7.5;16.2;0.462;1.5;4.9;0.301;6;11.3;0.532;0.508;4;4.9;0.813;2.3;8;10.3;3.2;1.2;3.1;3.4;2.3;20.4
506;Blake Wesley;SG;20;SAS;29;1;11.7;1.5;3.1;0.483;0.1;0.7;0.105;1.4;2.4;0.586;0.494;0.4;0.9;0.52;0.2;0.9;1.1;2.3;0.5;0.1;0.6;1.4;3.5
507;Russell Westbrook;PG;35;LAC;47;10;23;4.6;9.8;0.472;0.7;2.3;0.296;4;7.5;0.525;0.506;1.6;2.4;0.67;1.5;4.1;5.7;4.8;1.1;0.4;2.1;1.8;11.6
508;Coby White;PG;23;CHI;50;50;36;6.9;14.9;0.463;2.8;7.1;0.394;4.1;7.8;0.526;0.557;2.6;3.2;0.818;0.5;4.2;4.7;5.1;0.7;0.3;2.2;2.3;19.2
509;Derrick White;SG;29;BOS;45;45;32.1;5.4;11.8;0.456;2.6;6.7;0.397;2.7;5.1;0.532;0.568;2.3;2.5;0.895;0.7;3.3;4;4.8;1;1.2;1.6;2.2;15.7
510;Cam Whitmore;SF;19;HOU;25;1;16.7;4.4;8.9;0.491;1.6;4.1;0.398;2.7;4.8;0.571;0.583;1.4;2.1;0.673;0.8;3.1;3.8;0.4;0.7;0.2;0.6;1.3;11.8
511;Aaron Wiggins;SG;25;OKC;46;0;13.6;2.3;3.8;0.599;0.7;1.3;0.542;1.6;2.6;0.627;0.689;0.5;0.7;0.75;0.6;1.7;2.3;0.9;0.5;0.1;0.5;1.2;5.8
512;Andrew Wiggins;SF;28;GSW;42;31;27.1;4.6;10.6;0.437;1;3.1;0.311;3.7;7.5;0.49;0.483;1.9;2.7;0.717;1.6;2.6;4.2;1.5;0.4;0.5;1.3;2.3;12.2
513;Lindell Wigginton;PG;25;MIL;3;0;2.7;0.7;1.7;0.4;0;0.7;0;0.7;1;0.667;0.4;0.7;0.7;1;0;0;0;0;0;0;0.3;0.3;2
514;Brandon Williams;PG;24;DAL;7;0;6.1;1.1;2.3;0.5;0.3;0.7;0.4;0.9;1.6;0.545;0.563;0.7;1.3;0.556;0.3;0.4;0.7;1.1;0.1;0.1;0.3;0.1;3.3
515;Grant Williams;PF;25;DAL;45;33;26.5;2.8;6.8;0.41;1.7;4.5;0.373;1.1;2.3;0.485;0.534;0.8;1.1;0.729;1;2.6;3.5;1.8;0.5;0.6;1.1;3;8.1
516;Jalen Williams;PF;22;OKC;44;44;31.9;7.3;13.5;0.539;1.4;3.2;0.45;5.9;10.4;0.566;0.591;2.6;3.3;0.806;0.5;3.5;4;4.5;1.1;0.5;1.7;2.7;18.7
517;Jaylin Williams;C;21;OKC;41;0;12.2;1.3;3.2;0.405;0.7;2;0.349;0.6;1.2;0.5;0.515;0.4;0.5;0.842;0.5;2.7;3.2;1.3;0.4;0.4;0.4;1.5;3.7
518;Jeenathan Williams;SG;24;HOU;7;0;7.9;1.4;3.3;0.435;0.1;0.4;0.333;1.3;2.9;0.45;0.457;0.6;0.7;0.8;0.7;0.1;0.9;0.4;0.3;0;0.1;0.7;3.6
519;Kenrich Williams;PF;29;OKC;38;1;15;1.9;3.9;0.473;0.8;2.1;0.397;1.1;1.9;0.556;0.577;0.1;0.3;0.3;0.8;2.2;2.9;1.2;0.6;0.2;0.4;1.4;4.6
520;Mark Williams;C;22;CHO;19;19;26.7;5.2;7.9;0.649;0;0;0;5.2;7.9;0.649;0.649;2.4;3.4;0.719;4;5.7;9.7;1.2;0.8;1.1;0.9;2.6;12.7
521;Patrick Williams;PF;22;CHI;43;30;27.3;3.7;8.3;0.443;1.4;3.4;0.399;2.3;4.9;0.474;0.525;1.2;1.5;0.788;1.1;2.8;3.9;1.5;0.9;0.8;1.3;2;10
522;Robert Williams;C;26;POR;6;0;19.8;2.8;4.3;0.654;0;0;0;2.8;4.3;0.654;0.654;1.2;1.5;0.778;1.8;4.5;6.3;0.8;1.2;1.2;1.2;2.8;6.8
523;Vince Williams Jr.;SG;23;MEM;38;19;25.2;2.8;6.3;0.444;1.5;4.1;0.377;1.3;2.2;0.565;0.565;1.7;2.2;0.786;1.3;4.2;5.5;2.2;0.7;0.7;1.2;2.5;8.8
524;Ziaire Williams;SF;22;MEM;44;9;18.8;2.7;7;0.39;1.1;3.5;0.314;1.6;3.5;0.467;0.469;1.1;1.3;0.831;0.7;2.7;3.4;1.5;0.6;0.2;1.3;1.7;7.7
525;Zion Williamson;PF;23;NOP;39;39;30.4;8.8;15;0.589;0.1;0.3;0.364;8.7;14.7;0.593;0.592;4.5;6.8;0.668;1.7;3.8;5.5;4.6;1;0.4;2.6;2.4;22.3
526;Jalen Wilson;PF;23;BRK;11;0;9.5;1.5;2.9;0.5;0.2;0.7;0.25;1.3;2.2;0.583;0.531;1.4;1.4;1;1.4;0.8;2.2;0.8;0.3;0.1;0.3;0.8;4.5
527;Dylan Windler;SF;27;TOT;6;0;2.7;0.7;1.2;0.571;0.7;1;0.667;0;0.2;0;0.857;0;0;0;0;0.5;0.5;0.5;0;0;0;0.3;2
527;Dylan Windler;SF;27;NYK;3;0;2.3;0.3;0.7;0.5;0.3;0.7;0.5;0;0;0;0.75;0;0;0;0;0.3;0.3;0.3;0;0;0;0.3;1
527;Dylan Windler;SF;27;LAL;3;0;3;1;1.7;0.6;1;1.3;0.75;0;0.3;0;0.9;0;0;0;0;0.7;0.7;0.7;0;0;0;0.3;3
528;James Wiseman;C;22;DET;30;0;14.2;2.6;3.8;0.678;0;0.1;0;2.6;3.8;0.69;0.678;0.7;1.2;0.629;1.4;2.7;4;0.6;0.1;0.7;0.8;1.9;5.9
529;Christian Wood;PF;28;LAL;45;1;18;2.4;5.4;0.456;0.7;2.3;0.305;1.7;3;0.574;0.523;1.3;1.9;0.686;0.8;4.4;5.2;1;0.3;0.7;1.1;1.4;6.9
530;Delon Wright;PG;31;WAS;27;0;15.3;1.6;4.1;0.387;0.5;1.3;0.382;1.1;2.9;0.39;0.446;0.8;1;0.815;0.4;1.6;2;2.8;1.1;0.3;0.4;0.7;4.5
531;Thaddeus Young;PF;35;TOR;20;6;15.1;2.4;4;0.608;0.1;0.3;0.2;2.4;3.7;0.635;0.614;0.2;0.5;0.4;1.2;1.8;3;2.2;0.8;0.1;0.5;1.8;5.1
532;Trae Young;PG;25;ATL;44;44;36.6;8.5;19.7;0.433;3.4;9;0.383;5.1;10.8;0.474;0.52;6.8;8;0.86;0.5;2.3;2.8;10.9;1.5;0.2;4.3;2;27.3
533;Omer Yurtseven;C;25;UTA;27;6;9.8;1.4;3;0.488;0.1;0.6;0.2;1.3;2.4;0.554;0.506;0.2;0.4;0.545;1.3;2.5;3.9;0.5;0.1;0.4;0.9;1.3;3.2
534;Cody Zeller;C;31;NOP;34;0;8.3;0.6;1.5;0.392;0;0.1;0.333;0.6;1.4;0.396;0.402;0.6;1;0.6;1.1;1.6;2.7;1;0.2;0.1;0.4;1.1;1.8
535;Ivica Zubac;C;26;LAC;38;38;27.1;5.3;8.1;0.655;0;0;0;5.3;8.1;0.655;0.655;1.8;2.8;0.648;3.3;6.5;9.7;1.3;0.2;1.4;1.1;2.9;12.4
